customer_id,name,email,registration_date,gender,birth_date,newsletter,postal_code,country_code,is_plus_member
1,Jimmy Russell,roymurray@example.net,2022-05-20,F,2000-08-28,False,86817,AT,False
2,Mr. Christopher Thompson,rogerschristopher@example.com,2022-01-12,F,1975-12-11,True,29444,CH,True
3,Katherine Norris,dhiggins@example.com,2022-04-23,M,1974-01-12,True,85378,AT,False
4,Timothy Haynes,elliotttiffany@example.net,2024-02-02,F,2003-12-01,True,73885,AT,False
5,Christopher Greene,robertellis@example.org,2023-06-25,F,1983-08-04,True,26942,DE,False
6,Whitney Yates,john78@example.net,2022-11-28,M,1997-11-01,True,02076,DE,False
7,Dominique Contreras,alishabrown@example.org,2023-10-31,F,2000-10-01,False,37243,CH,False
8,Sherry Johnson,jacksonkirsten@example.com,2023-08-03,D,1991-11-06,False,96464,DE,False
9,Joan Duke,tinagarcia@example.net,2023-01-17,F,1976-10-12,False,77212,DE,False
10,Jessica Mitchell,davisroy@example.org,2021-11-16,D,1995-12-22,False,27870,DE,False
11,Juan Marshall,lwalsh@example.org,2021-11-11,D,1998-08-02,True,73842,AT,False
12,Cassandra Rodriguez,dawn93@example.com,2022-12-23,F,2004-05-25,False,32235,DE,False
13,John Sims,princepatrick@example.net,2024-01-16,D,1993-03-14,True,68082,CH,False
14,Julia Brooks,cortezthomas@example.org,2022-02-27,F,2004-01-10,False,83087,CH,False
15,Kimberly Barber,jeffrey41@example.com,2024-03-26,D,1972-10-15,True,22847,DE,False
16,Loretta Pace,whitekimberly@example.com,2023-10-11,F,1981-07-06,False,87802,DE,True
17,Thomas Santos,gglenn@example.net,2023-08-07,M,1994-01-14,True,17904,CH,False
18,William Turner,uharding@example.org,2024-04-18,F,2003-04-18,True,83595,DE,False
19,Katie Morris,torressteve@example.com,2024-02-23,F,2003-02-01,False,69531,CH,True
20,Brandy Padilla,dsimmons@example.com,2022-05-14,M,2003-02-14,False,74904,DE,False
21,Dylan Kent,courtneygonzalez@example.net,2022-10-24,F,1990-08-04,False,36949,DE,False
22,Kayla Oneill,amorales@example.com,2022-09-22,M,1977-11-09,True,55100,DE,False
23,Joshua Rowland,traceyjohnson@example.org,2022-12-08,F,1998-03-10,True,49442,DE,False
24,Cody Salinas,rcole@example.com,2024-01-01,F,2005-06-19,False,24189,AT,True
25,Shelley Morris,dwatkins@example.org,2023-07-18,D,1999-06-07,True,61746,DE,True
26,Denise Jimenez,barnesmichael@example.org,2021-12-19,D,1999-04-15,False,73878,CH,True
27,Matthew Garcia,cmitchell@example.com,2024-03-13,F,1999-05-22,False,82534,CH,False
28,Michele Powell,amystewart@example.net,2023-03-23,F,1981-07-21,False,67749,CH,False
29,Donald Blair,stevencombs@example.com,2024-04-29,F,2002-03-17,True,66544,DE,False
30,Kevin Palmer,yproctor@example.net,2022-03-10,F,2001-10-05,False,82957,CH,False
31,Kristen Weaver,alice46@example.net,2022-09-27,F,2003-01-02,True,62954,AT,False
32,Caitlin Zhang,mary82@example.org,2023-08-14,D,2006-04-18,True,91283,DE,True
33,Lauren Scott,loganchristopher@example.org,2023-05-08,D,1983-07-20,True,04570,CH,False
34,Timothy Herring,lisapratt@example.com,2022-12-17,F,1972-01-01,True,41938,AT,True
35,Heather Myers,walterjay@example.com,2022-05-08,F,1964-11-05,True,38933,CH,True
36,Daniel Allen,coxsheila@example.com,2021-12-26,D,1999-02-28,True,99023,AT,True
37,Brandon Melendez,twatson@example.com,2024-01-25,F,1995-03-12,True,81187,AT,True
38,Dawn Snyder,joannehuang@example.net,2023-04-17,D,2000-03-08,True,43774,DE,False
39,Connor Anderson,simmonsjames@example.org,2022-08-15,M,1999-06-24,False,35842,CH,False
40,Jessica Pierce,jimenezpatricia@example.org,2023-12-08,M,1999-12-04,True,38468,AT,True
41,Anne Rodriguez,eblake@example.com,2023-12-10,D,2000-11-06,False,96082,AT,True
42,Bonnie Riley,nicholas00@example.org,2023-07-01,F,2001-03-13,True,05980,DE,True
43,Jeffrey Williams,snowpatricia@example.net,2022-12-31,M,1987-05-08,True,85662,CH,True
44,Cynthia Cox,pgolden@example.net,2022-01-18,D,1982-03-07,False,33258,CH,True
45,James Oliver,tammyporter@example.org,2024-02-03,M,2001-03-18,False,78775,CH,True
46,Madeline Hernandez,paul87@example.com,2023-01-18,F,1975-05-24,True,34909,DE,True
47,Joshua Cardenas,cruzrebecca@example.net,2023-12-07,F,2000-03-05,False,17294,CH,True
48,Craig Atkinson,ycooper@example.net,2024-02-03,D,2005-07-07,True,44569,AT,False
49,Damon Barker,seancarson@example.net,2023-10-28,F,1998-10-23,True,25647,AT,False
50,Shannon Combs,bsanders@example.net,2022-10-01,D,2000-12-03,True,93499,CH,True
51,Patricia Barron,john02@example.org,2024-06-23,D,1999-12-24,True,02722,DE,False
52,Nathaniel Gutierrez,brianavila@example.org,2023-03-12,F,2003-12-05,True,81903,AT,True
53,Samuel Pope,brandon10@example.com,2021-10-02,D,1991-03-05,True,34651,DE,False
54,Dalton Martin,smckinney@example.com,2021-08-01,M,1987-01-31,False,52354,CH,False
55,Alan Garcia,simmonsvictoria@example.org,2022-01-19,F,1985-07-26,False,68653,DE,True
56,Richard Mcbride,jenkinseddie@example.org,2021-12-21,D,1999-03-23,True,02308,AT,True
57,Daniel Lee,fmcdonald@example.com,2023-04-19,F,2001-12-28,False,51491,CH,True
58,Brittany Wood,gabbott@example.net,2021-11-28,M,1974-09-02,True,37291,DE,False
59,David Franco,mikaylacantrell@example.net,2024-02-29,F,1983-06-08,False,63546,DE,True
60,Melissa Wall,randallashlee@example.org,2024-04-21,M,1979-02-04,True,71048,DE,True
61,Richard Jackson,amandadalton@example.net,2022-01-25,D,1996-01-09,False,68640,AT,True
62,Nicole Dixon,markdavis@example.com,2022-03-04,M,1992-06-06,True,43220,AT,False
63,Bonnie Cardenas,anthony26@example.net,2022-01-28,D,2004-02-07,False,33902,CH,False
64,Lauren White,anthony02@example.net,2022-07-27,D,1998-04-17,True,93090,AT,False
65,Marcus Lawrence,richardgoodwin@example.com,2022-08-18,F,1982-01-27,False,06098,DE,True
66,Lori Brooks,vpotter@example.org,2022-10-08,D,2003-09-13,False,09459,AT,False
67,Jasmine Harris,msingh@example.org,2022-10-21,D,2002-07-05,True,04801,CH,False
68,Chris Schwartz,hendersonsamantha@example.org,2022-02-10,F,1986-09-09,False,09622,CH,True
69,Kaylee Contreras,erinreynolds@example.org,2023-12-08,D,1993-11-08,False,28543,AT,False
70,Jason Taylor,anitagates@example.net,2022-01-13,D,1992-04-14,True,28380,DE,False
71,Danielle Moreno,cgarcia@example.net,2022-01-24,F,2004-11-27,True,82892,DE,False
72,Brandi Terry,bsnyder@example.org,2022-10-30,M,2003-05-02,False,50469,DE,False
73,Frederick Jones,patriciathornton@example.net,2023-02-13,D,1999-12-19,False,01517,CH,True
74,Kenneth Johnson,pennymartin@example.net,2022-01-18,M,1996-11-11,False,54876,CH,False
75,Ms. Brittany Marquez,williambird@example.org,2023-11-27,F,2000-12-07,True,84932,DE,True
76,Andre Jackson,vincent48@example.com,2023-06-15,M,2003-05-23,True,57889,AT,False
77,Heather Ortiz,robin18@example.net,2021-09-14,M,1983-09-28,True,67991,CH,False
78,Dr. Marcus Williams,urobinson@example.com,2023-08-18,D,1995-11-18,False,01442,CH,True
79,Ronald Lopez,anthony33@example.net,2022-09-28,M,1998-07-30,True,49336,DE,True
80,Kayla Paul,andrerussell@example.org,2022-10-20,M,1993-05-10,False,37224,CH,True
81,Madison Davis,qcarpenter@example.net,2021-12-27,M,1987-04-29,True,91782,DE,False
82,Diana Wiggins MD,kristen85@example.com,2022-04-28,F,1955-04-14,True,70481,DE,True
83,Samantha Stevens,michael47@example.net,2023-11-17,M,1991-10-05,False,25430,CH,True
84,Christopher Turner,xromero@example.net,2022-11-15,M,2005-04-14,True,43856,CH,True
85,Molly Wallace,thomasannette@example.net,2022-10-10,F,1994-11-25,False,23122,DE,True
86,Trevor Burch,vneal@example.net,2024-02-15,M,1976-01-04,True,74360,AT,True
87,Jessica Reynolds,vanessadouglas@example.net,2023-09-29,M,1999-01-08,False,28817,CH,False
88,Lindsey Montoya,parrishpaige@example.com,2022-07-19,F,2000-07-27,False,53924,AT,True
89,Alexander Thompson,briannasmith@example.net,2022-02-13,F,1980-08-29,True,78877,CH,True
90,Mathew Lang,theresaaguilar@example.org,2022-11-18,M,1996-06-19,True,81364,DE,False
91,Lauren Bell,erikadavis@example.net,2023-05-01,F,2004-05-05,False,50075,DE,True
92,Ronald Jones,fhernandez@example.com,2024-03-11,M,2002-06-12,True,24903,AT,False
93,Meredith Murphy,margaret34@example.net,2022-04-13,F,1993-04-20,False,28455,AT,True
94,Antonio Munoz,steven04@example.net,2023-08-09,F,1982-04-15,False,99406,DE,True
95,Lisa Hammond,ericrodriguez@example.org,2022-01-29,F,1986-04-28,True,80041,CH,True
96,William Harvey,ricky73@example.com,2023-07-23,F,1991-11-27,False,41754,DE,False
97,Tammy Wood,reyesjessica@example.net,2022-10-29,D,1996-01-21,True,63229,DE,True
98,Sandra Taylor,samantha54@example.net,2023-09-18,D,1987-06-14,True,08051,CH,True
99,Philip Sanders,pam89@example.com,2023-01-21,D,1945-02-01,True,73321,DE,True
100,James Durham,johnsonjustin@example.org,2021-10-08,M,1974-02-26,False,23421,AT,True
101,Dustin Crane,mike24@example.org,2024-07-16,F,1989-01-22,True,50386,CH,False
102,Mikayla Parker,kerrivalencia@example.org,2022-05-20,F,2006-05-04,True,91453,DE,True
103,Daniel Wallace,tracyolson@example.net,2024-03-03,D,1999-10-01,False,97897,CH,True
104,James Anderson,clarkeric@example.com,2022-08-18,F,2003-09-26,True,42157,DE,False
105,Lauren Williams,hannahflynn@example.org,2023-10-05,F,2005-05-12,True,75373,AT,True
106,Casey Pitts,lcole@example.org,2021-09-25,M,1959-06-11,True,80437,DE,True
107,Maria Patterson,janetmyers@example.net,2024-01-13,D,2002-09-10,True,95252,DE,True
108,Marcus Williams,victoriacrawford@example.net,2022-01-29,D,2005-06-04,False,72082,AT,True
109,Ryan Downs,kenneth30@example.org,2023-10-21,F,1995-01-28,True,51920,AT,True
110,Craig Parks,pdalton@example.org,2023-08-13,D,1962-09-15,True,96272,AT,True
111,Devon Gomez,mharris@example.net,2023-06-06,D,2001-09-25,True,23318,CH,True
112,Jeremy Jones,karenlewis@example.org,2022-12-30,D,1975-03-29,False,55740,CH,True
113,Alexander Nixon,micheal30@example.org,2023-10-29,F,1977-04-21,False,44166,CH,False
114,Timothy Lewis,moralesmelissa@example.org,2023-08-30,M,2004-10-20,False,42225,CH,False
115,Kristina Frost,fhill@example.com,2021-11-28,D,2005-08-17,True,30210,CH,True
116,Roy Rowland,michelemurphy@example.org,2022-11-24,F,1943-09-21,False,10695,DE,False
117,Lindsey Carter,david58@example.net,2023-03-22,F,1992-10-11,False,98149,DE,False
118,Jeffrey Stafford,eric74@example.org,2023-04-23,M,2005-02-23,True,12177,CH,True
119,Nicholas Gray,lisa68@example.com,2022-06-27,D,1998-04-18,False,26126,DE,True
120,Lauren Fritz,hscott@example.net,2022-05-20,F,2002-08-23,True,60901,AT,True
121,Megan Adkins,fosterdavid@example.com,2024-02-02,M,1990-05-02,False,11994,DE,False
122,Jonathan Mcfarland,jacob57@example.net,2023-04-14,D,2002-11-20,True,74877,AT,True
123,Kevin Simpson,tylerbutler@example.org,2024-04-29,M,1960-01-22,False,89283,CH,True
124,Brett Sherman,rsmith@example.net,2022-11-11,D,1986-01-26,False,40902,AT,False
125,Philip Ryan,mwallace@example.com,2022-06-17,F,1958-08-20,False,62375,DE,False
126,Dean James,laura29@example.org,2023-10-31,F,1990-02-06,False,36188,CH,True
127,Jenny Mcbride,coxvicki@example.com,2024-05-27,F,1995-02-04,True,04857,CH,False
128,Wendy Edwards,cuevaskimberly@example.com,2022-03-12,M,2001-11-14,True,86915,AT,False
129,Nancy Franklin,benjaminromero@example.org,2022-08-09,D,1997-08-03,True,34973,DE,True
130,Kimberly Brown,jwest@example.org,2021-11-21,F,1947-09-26,False,48586,CH,False
131,Brian Wilson,leegarrett@example.com,2023-07-03,M,1994-07-03,True,63393,DE,True
132,Jeremy Smith MD,shawnshaffer@example.org,2023-02-15,F,2005-03-25,True,73233,CH,False
133,Michael Smith,barnesalexander@example.net,2024-04-12,M,2003-10-11,False,42253,AT,False
134,Matthew Williams,emily77@example.com,2023-02-16,M,2005-05-03,True,24764,AT,True
135,Scott Mays,kingemily@example.net,2022-11-08,M,1984-05-07,False,15976,CH,False
136,Jennifer Pearson,jhoward@example.net,2023-05-18,D,2004-12-23,False,62368,AT,False
137,Debra Russell,xhenderson@example.net,2022-08-02,D,1997-06-18,False,76671,AT,False
138,Rachel Crosby,amandaflynn@example.com,2023-01-09,D,2002-02-13,True,93633,CH,True
139,Chelsea Carr,jennifer30@example.net,2023-03-06,F,1973-12-27,True,90316,CH,False
140,Brittany Grant,david90@example.org,2022-11-19,F,1990-07-08,False,65603,CH,False
141,Krista Thomas,hernandezbenjamin@example.org,2023-10-28,F,1994-01-11,True,71240,AT,True
142,Rachel Garcia,apeterson@example.com,2024-07-08,D,2003-06-08,True,28187,CH,True
143,Charles Mcmahon,ocook@example.net,2022-01-02,F,2003-07-14,False,72183,CH,False
144,Paul Lawson,hannahgibson@example.org,2022-09-18,D,1989-07-05,True,53674,DE,True
145,Michael Montgomery,bishopstacy@example.net,2022-12-31,F,1992-05-22,False,22920,CH,False
146,Gregory Levine,johnathantran@example.org,2023-01-16,F,2002-04-27,False,46216,DE,False
147,Nicholas Walker,alicia97@example.com,2023-04-26,F,1999-12-08,False,73761,CH,True
148,Travis Berry,katrina96@example.org,2021-09-03,F,1997-09-10,True,57806,AT,False
149,Susan Taylor,tina97@example.com,2022-09-23,F,2006-04-12,False,05931,CH,True
150,Steven Paul,ndelacruz@example.com,2023-07-04,F,1996-05-01,False,88937,CH,True
151,Susan Yang,shirleysanchez@example.net,2023-02-10,D,1991-01-01,False,61320,DE,False
152,Joel Yates,troyguzman@example.net,2023-10-07,F,1998-08-09,False,04338,DE,False
153,Angel Anderson,jeffreydominguez@example.org,2021-09-21,M,1959-08-23,False,72158,AT,True
154,Kari Humphrey,benjamin39@example.net,2023-01-03,D,1991-11-16,True,39913,CH,True
155,Victor Alexander,burnsbrianna@example.com,2023-08-12,F,2001-07-11,True,62717,DE,True
156,Sean Clark,blakejames@example.net,2021-12-02,M,1994-06-24,False,03785,CH,False
157,Vanessa Johnson,ledwards@example.com,2023-09-03,M,1991-08-22,False,01523,DE,True
158,Kristen Griffin,cindy46@example.org,2024-05-03,D,2000-04-12,True,59431,DE,True
159,Jamie Bonilla,danielsmegan@example.net,2024-05-23,D,1999-05-23,False,09454,AT,True
160,William Warren,gomezsamantha@example.com,2021-08-16,M,1991-03-16,False,22350,AT,True
161,Shane Hayes,mitchell87@example.net,2021-12-01,F,2006-06-25,False,27536,CH,False
162,Stephanie Rice,kluna@example.com,2023-07-21,M,1990-05-18,False,74008,AT,True
163,Jessica Sanchez,stoutamanda@example.com,2023-05-29,F,1969-01-14,False,27265,AT,False
164,Lindsey Hess,sheilathomas@example.net,2022-04-28,F,1991-06-26,False,49742,CH,True
165,James Castaneda,hollowaybrian@example.net,2024-03-06,M,1966-02-13,False,08353,DE,True
166,Elizabeth Mills,qfisher@example.org,2022-07-05,D,2005-05-12,True,21764,DE,True
167,Amanda Lloyd,tristancole@example.com,2023-06-19,M,1999-12-02,True,02581,DE,False
168,Melissa Patterson,jgreen@example.org,2024-06-08,D,2001-08-30,False,02612,DE,True
169,Brenda Ross,ashley30@example.net,2022-08-08,D,1997-11-13,True,02252,CH,False
170,Barbara Owens,stephensemily@example.com,2021-09-06,F,1996-11-07,False,35680,DE,True
171,Sean Khan,farrellnatasha@example.org,2024-02-26,D,1987-03-30,True,34881,DE,False
172,Daniel Henry,matthew34@example.org,2022-05-16,F,2002-09-03,True,93134,CH,False
173,Dennis Walsh,imcclure@example.org,2023-12-22,F,1986-02-24,False,16373,CH,True
174,Jacqueline Hoffman,jeromewelch@example.org,2023-06-20,F,2000-11-12,True,25603,CH,True
175,Rebecca Wilson,brownvalerie@example.com,2022-11-09,F,1946-09-11,True,22011,DE,False
176,Lisa Powell,jillian94@example.net,2021-08-01,F,1992-12-18,True,23480,CH,True
177,Terry Grant,johnperkins@example.net,2023-02-09,D,1998-05-14,False,53582,AT,False
178,Zachary Sellers,mccarthyandre@example.net,2023-10-17,F,2002-09-26,False,94725,AT,False
179,Holly Watson,bflores@example.net,2024-07-16,F,1985-04-27,True,40694,AT,True
180,Tami Hall,sherry31@example.net,2023-06-09,D,2000-11-13,True,38204,AT,True
181,Jeremy Cruz DDS,smccarthy@example.org,2023-10-29,D,2004-10-04,True,12467,CH,False
182,Natalie Paul,miawilliams@example.net,2022-11-21,F,2004-10-02,True,53979,DE,True
183,Crystal Stanley,kristinsolis@example.com,2022-11-13,M,1972-02-21,True,46561,AT,False
184,Michael Mcfarland,joneselizabeth@example.com,2022-06-07,F,2002-09-07,True,89856,DE,False
185,Marcus Cole,mary32@example.net,2023-02-10,D,1988-07-17,False,71318,CH,False
186,Paul Banks,parkermaldonado@example.net,2022-07-01,F,1961-04-25,False,02955,CH,True
187,Paul Rivera,hillandrew@example.com,2023-05-21,D,1992-08-06,False,01294,CH,True
188,Thomas Ellis,thomasnoah@example.org,2024-05-19,F,2004-10-08,False,42352,AT,True
189,Sara Smith,xstevens@example.com,2021-11-05,M,1995-12-28,False,36417,DE,False
190,Brandon Guerra,lyonsdavid@example.net,2024-04-15,F,1976-11-17,True,42786,AT,True
191,Michael Webb,alexisortiz@example.com,2022-05-31,D,1983-06-06,True,83506,DE,False
192,Dr. Ross Reid,sburns@example.org,2021-12-05,M,1990-01-17,False,57503,CH,False
193,Richard Patterson,ginanichols@example.com,2021-08-06,D,2001-08-03,True,03710,AT,True
194,David Kim,kristyproctor@example.com,2021-07-26,M,1975-10-12,True,02229,DE,False
195,Terry Johnson,bduncan@example.net,2023-08-12,D,1993-12-12,False,07134,DE,False
196,Brenda Harper,william04@example.net,2022-09-08,M,1990-04-07,True,65518,CH,False
197,Victoria Cardenas,weaverrachel@example.com,2022-11-08,D,2006-03-12,True,62985,AT,False
198,Donald White,blairmichael@example.org,2022-10-15,D,2002-03-30,True,31367,AT,True
199,Christopher Novak,egalvan@example.net,2024-01-01,D,1998-08-22,True,95306,AT,False
200,Steve Powell,victoria80@example.org,2021-11-28,F,2004-02-22,False,46412,AT,False
201,Erik Wilkins,burgessdevon@example.com,2023-09-30,M,1990-07-11,False,40309,DE,False
202,Angela Clark,manuelreyes@example.org,2023-02-17,M,1984-02-18,True,95451,CH,False
203,James Whitney,whitemichael@example.org,2024-05-19,D,1999-03-04,False,37514,AT,False
204,Joseph Lopez,lisa58@example.org,2021-09-06,D,1970-05-20,False,69739,DE,True
205,Jordan Thomas,wendy35@example.net,2023-08-07,D,2003-04-30,True,95020,DE,False
206,Madison Thomas,sarah13@example.com,2022-10-10,M,2003-10-08,False,71807,AT,True
207,Michael Jordan,beanerika@example.org,2022-04-28,D,2006-03-28,True,23830,CH,True
208,Hayley Shaffer,gutierrezkenneth@example.net,2021-09-18,M,1971-05-06,False,43054,AT,False
209,David Terrell DDS,michael74@example.net,2022-09-18,F,1995-06-07,False,07885,DE,False
210,Adam Garcia,catherinefernandez@example.com,2022-11-16,F,1988-01-29,False,11234,AT,False
211,Elizabeth Martinez,scottheather@example.com,2023-05-27,M,1993-08-30,True,80328,AT,False
212,Christine Lopez,bergergabrielle@example.com,2024-03-23,D,2001-12-13,True,21735,DE,True
213,Jenna Miles,keithfernandez@example.com,2022-10-28,M,1996-10-11,True,45463,CH,True
214,Susan Finley,mmcguire@example.net,2021-08-18,D,2005-05-22,True,55679,AT,True
215,Sarah Owens,michael88@example.net,2022-12-11,F,1995-04-21,True,49669,DE,True
216,Kyle Conrad,njohnson@example.org,2021-11-04,F,1988-06-16,True,40112,AT,True
217,Stephen Lopez,scain@example.net,2023-10-13,M,2000-01-05,True,58977,CH,True
218,Krista Whitaker,sking@example.org,2023-11-07,M,1977-11-29,True,55575,AT,True
219,James Ortiz,carsonbailey@example.net,2021-11-24,F,1980-12-27,True,32176,CH,True
220,James York,spencerdanielle@example.com,2021-09-12,F,1992-05-09,False,08429,DE,True
221,Joseph Warren,perezapril@example.com,2021-10-30,M,2002-05-15,False,82135,CH,True
222,Brittany Hamilton,curtisjoseph@example.net,2023-01-09,M,1992-10-11,False,17727,CH,False
223,Stephanie Young,cynthianguyen@example.com,2024-06-12,M,1992-08-06,True,15940,AT,False
224,Kelly Wilson,schroedersteven@example.org,2022-07-11,D,2006-01-30,True,20788,AT,True
225,Tammy Henderson,dylanedwards@example.com,2021-11-04,F,1993-10-28,False,18258,AT,True
226,Amanda Sparks,katherine89@example.com,2021-11-09,M,1996-06-17,True,01230,CH,True
227,Jennifer Cook,jeffreymoore@example.com,2024-03-08,F,2003-04-22,False,49718,DE,False
228,Lawrence Williams,qmartinez@example.org,2024-01-27,M,2006-03-26,False,09568,DE,False
229,Jesus Stewart,tlewis@example.net,2022-10-14,D,1983-05-24,False,13883,CH,True
230,Debra Lewis,lmullen@example.com,2023-03-14,F,2001-01-28,True,61257,DE,False
231,Tyler Smith,brandyrodriguez@example.org,2024-04-10,M,1992-11-14,True,41070,DE,True
232,Jesus Davis,nicole21@example.net,2022-05-24,F,2000-10-26,False,36873,AT,False
233,Stephanie Lee,leeadrian@example.com,2021-11-29,M,1991-03-17,True,53427,AT,False
234,Maria Burton,danielrogers@example.net,2024-06-16,D,2000-12-27,False,05085,DE,True
235,Patricia Jones,wreed@example.org,2022-08-30,M,1993-08-24,True,34645,CH,False
236,Vanessa James,vschneider@example.net,2023-03-06,D,1963-03-06,False,28321,CH,False
237,Justin Warner,stuartgloria@example.org,2024-04-14,D,1989-08-09,True,93247,AT,True
238,April Harris,heididiaz@example.net,2024-07-10,F,1986-02-23,True,48135,CH,False
239,Paul Cabrera,epatel@example.com,2024-03-27,M,1969-04-26,True,33475,AT,False
240,Joseph Curry,walkeralexandria@example.net,2021-12-28,F,1981-05-12,False,06233,DE,True
241,Adrienne Ramirez,erin97@example.net,2023-09-12,M,1997-12-05,True,31298,DE,True
242,Dawn Tran,brandon91@example.com,2024-03-07,M,1995-07-18,True,09229,DE,True
243,Robyn Gray,owensmaurice@example.com,2021-11-24,F,1994-02-04,True,16009,AT,False
244,Steven Mack,jmcdonald@example.org,2021-09-09,D,1973-11-18,False,21467,CH,True
245,Christy Ortiz,gerald99@example.com,2022-12-11,F,2001-07-28,True,13009,DE,True
246,Nicholas Walker,hcox@example.org,2024-05-12,F,1982-08-13,False,97053,CH,True
247,Mark Evans,erin74@example.org,2023-09-03,D,1974-09-18,True,28298,DE,False
248,Michelle Weeks,stevenrandolph@example.com,2023-05-26,M,2006-02-17,False,08523,CH,True
249,Robert Shepard,mmay@example.org,2023-08-17,F,1977-05-17,False,55082,AT,True
250,Shannon Melendez,bperez@example.net,2023-01-13,M,1980-01-13,True,79777,CH,False
251,Ashley Rogers,mirandaayala@example.com,2021-10-02,M,2000-07-04,False,58962,DE,False
252,Whitney Black,deniseanderson@example.com,2022-04-19,M,1967-06-17,True,65344,AT,False
253,Kyle Simon,obrienkrista@example.org,2024-03-21,D,2005-11-12,True,66502,AT,False
254,Andrew Anderson,nicoledavis@example.org,2021-12-31,D,1974-06-18,False,23660,CH,False
255,Ryan Hale,stephanie18@example.org,2024-01-10,F,1999-02-20,True,72533,AT,True
256,Bonnie Freeman,udavis@example.com,2024-06-23,F,1987-10-03,False,40452,DE,True
257,Edward Wilson,powellsteven@example.net,2022-01-28,F,2001-05-02,False,32570,DE,True
258,Mario Stevens,anthony64@example.net,2022-05-23,D,1998-12-26,False,69488,DE,False
259,Linda Schaefer,reidwalter@example.com,2023-03-23,D,2005-01-01,True,24671,DE,True
260,Steven Gates,moralessuzanne@example.net,2024-03-21,D,1972-07-12,False,54651,CH,False
261,Amy Price,adam41@example.com,2023-04-27,D,1988-06-07,True,36564,CH,False
262,Nicole Lewis,marcogarcia@example.net,2022-01-04,M,1984-01-08,True,15006,DE,False
263,Eric Jones,julie99@example.net,2023-10-06,D,1978-10-23,True,05006,DE,False
264,Veronica Sullivan,mark79@example.com,2022-09-06,M,2004-03-24,False,52759,CH,False
265,Matthew Yang,gutierrezanthony@example.net,2022-10-08,D,1973-06-03,False,93864,AT,False
266,Joseph Williams,travisjohnson@example.org,2022-05-24,M,1991-07-04,False,16956,AT,True
267,Alyssa Neal,tdixon@example.org,2023-12-13,M,1981-12-21,False,60185,DE,False
268,Abigail Johnston,rachel19@example.com,2023-01-17,D,1997-07-27,True,07945,CH,False
269,Brenda Clark,gregorypark@example.net,2023-08-02,D,1997-06-29,True,50685,DE,True
270,Ann Smith,jamesfoster@example.org,2024-07-10,M,2001-03-08,True,34900,DE,False
271,Patrick Parker,omartinez@example.com,2021-10-04,F,1991-02-19,False,98041,DE,True
272,Rachel Shaw,asoto@example.com,2022-08-20,M,1981-07-13,True,86413,AT,True
273,Christopher Lopez,timothymclean@example.org,2022-05-26,F,1994-02-15,True,55718,DE,True
274,Luke Douglas,garciatheresa@example.org,2022-08-17,M,1986-09-20,False,81382,AT,False
275,John Stewart,michael17@example.com,2023-05-14,F,2005-12-11,True,75407,CH,True
276,Sarah Smith,douglas27@example.org,2024-07-19,D,1998-03-24,False,70277,DE,False
277,Brian Kennedy,sbaker@example.net,2021-12-02,M,2001-11-29,False,85113,AT,False
278,Cynthia Brown DDS,changmarco@example.org,2023-05-27,M,1975-10-12,False,96586,AT,True
279,Tina Tucker,dkelly@example.com,2023-09-06,F,2006-01-20,True,40406,DE,True
280,Peter Duncan,ubuckley@example.com,2024-05-19,D,1965-12-06,False,93895,DE,True
281,Lori Martinez,douglas92@example.org,2021-08-11,D,1990-11-28,False,74920,CH,True
282,Nicole Anderson,lindsey64@example.com,2021-10-01,M,1974-05-30,True,03376,CH,True
283,Mark Marquez MD,michael87@example.net,2023-08-01,M,1999-04-11,False,18186,DE,True
284,Kyle Dougherty,alexanderthomas@example.com,2021-07-23,D,1977-01-08,True,35949,CH,True
285,Melanie Shaw,chelseaclark@example.com,2022-11-10,D,1993-01-28,False,01589,CH,True
286,Adrian Stephens,powellcraig@example.com,2021-12-31,F,2003-04-19,True,99634,AT,False
287,Roger Wise,stevencruz@example.net,2024-04-11,F,1989-10-19,False,64363,DE,True
288,Rebecca Montoya,laurarowe@example.org,2023-01-06,F,1989-04-25,True,61535,CH,True
289,Vanessa Walker,stanley97@example.com,2023-08-25,F,1992-08-17,True,90348,DE,False
290,Krista Patel,jessica52@example.net,2023-03-20,F,2000-01-12,False,05657,DE,True
291,Thomas Heath,kcaldwell@example.net,2024-02-10,M,1962-09-13,False,25970,DE,False
292,Ian Aguirre,heatherhall@example.com,2024-05-29,D,1949-06-22,False,84882,DE,True
293,Joshua Gomez,dramos@example.org,2024-06-14,M,1999-10-13,False,61517,AT,True
294,Donald Sharp,ojones@example.net,2023-06-18,D,1999-12-23,True,00747,CH,True
295,William Calderon,samuelbell@example.net,2023-02-17,D,1988-08-03,True,28712,CH,False
296,Joseph Jenkins,hendricksjohn@example.net,2024-05-10,D,1991-10-25,False,61191,CH,False
297,Frank Bennett,tony09@example.net,2022-10-09,M,1993-05-03,True,98594,CH,True
298,Sharon Clark,parkerjason@example.com,2022-05-19,D,2001-03-20,True,36188,DE,False
299,Michael Hatfield,matthewdouglas@example.com,2023-09-02,D,1988-03-25,False,69679,DE,False
300,Julie Cook,rodriguezsarah@example.net,2021-08-01,D,1996-01-08,True,04280,AT,True
301,Raymond Smith,lauraramirez@example.org,2022-05-16,F,1979-08-08,True,14845,AT,False
302,David Hubbard,lindapaul@example.com,2023-09-08,M,1983-12-31,True,12997,DE,False
303,Bonnie Williams,kevin15@example.org,2022-02-11,F,1998-09-27,False,16318,CH,True
304,Philip Vasquez,munozolivia@example.net,2022-08-27,D,1999-09-07,False,61572,AT,False
305,Jason Thomas,teresa28@example.org,2022-11-10,F,2000-10-20,False,31302,AT,True
306,Derek Fleming,kim34@example.com,2021-09-22,D,1975-06-25,True,63861,DE,True
307,Christina Torres,cunninghamkeith@example.org,2023-07-28,D,1994-12-28,True,19719,CH,True
308,Angela Bradley,scottpeggy@example.com,2022-05-19,F,1959-07-18,True,61985,CH,False
309,Cindy Hart,zgreen@example.com,2023-04-22,D,1991-10-12,True,02082,AT,True
310,Holly Reilly,lstafford@example.com,2022-06-26,D,1977-03-19,True,31510,DE,True
311,Tiffany Haynes,cainjennifer@example.com,2023-11-27,D,2005-05-14,False,33995,DE,False
312,Kelly Ayers,rodriguezdonna@example.org,2021-09-08,M,1974-02-28,True,92928,AT,True
313,Lori Ramos,robertsonbradley@example.com,2024-05-29,M,1981-06-09,True,09014,CH,True
314,Amy Fisher,michelle33@example.com,2022-02-11,M,1998-12-22,False,53199,DE,True
315,Scott King,powellmiranda@example.net,2021-09-11,D,2003-08-10,True,17929,CH,True
316,Michael Espinoza,diana10@example.net,2022-04-24,M,1996-04-04,False,37905,AT,False
317,Dustin Perry,fuentesvalerie@example.net,2022-01-28,F,1985-05-26,True,60445,DE,False
318,Charles Wilson,samuelsloan@example.net,2022-08-27,M,2003-09-15,True,78018,DE,True
319,Joseph Wu,gregoryleonard@example.org,2022-11-27,M,1964-05-16,False,22318,CH,False
320,Brenda Carey,davidmartinez@example.net,2022-02-20,D,1947-10-28,False,80401,AT,True
321,Tanner Mckee,evanschristopher@example.net,2024-05-30,M,1991-10-06,False,77865,CH,True
322,Cathy Lopez,elizabeth76@example.com,2023-11-25,F,2002-08-28,True,98515,CH,True
323,Phillip Gonzalez,gmitchell@example.net,2022-03-23,F,2004-04-16,True,07569,CH,False
324,Sydney Griffin,stephanie56@example.net,2022-07-13,F,1997-08-19,False,10038,AT,True
325,Juan Rowe,diana13@example.org,2022-01-09,F,1987-09-17,True,91248,DE,False
326,Christopher Aguilar,elizabeth90@example.net,2023-06-02,D,1988-02-25,False,24315,DE,False
327,Samantha Serrano,mrobinson@example.com,2024-01-16,F,2002-04-01,False,08064,CH,True
328,Mark Sanchez,lawrencelindsay@example.com,2021-08-30,F,1967-07-28,False,64895,AT,False
329,Don Briggs,jenniferwilkins@example.net,2024-02-10,D,1963-04-17,False,62376,CH,True
330,Anna Cole,ssmith@example.org,2024-04-27,D,2004-11-26,False,72935,AT,True
331,Ryan Barber,wwu@example.net,2022-04-09,D,1974-01-31,True,21917,CH,True
332,Joel Thompson PhD,emilysmith@example.net,2024-07-12,D,1969-11-23,False,45794,CH,True
333,Courtney Murphy,christopher47@example.net,2022-02-02,M,1991-07-31,True,54791,DE,True
334,Hector Kennedy,justinyoung@example.net,2023-02-06,D,1982-01-05,False,15015,CH,True
335,Timothy Rivera,cparsons@example.org,2022-12-09,D,2000-02-11,False,36500,AT,False
336,James Vang,scottross@example.org,2023-11-29,M,1981-07-27,False,56699,AT,False
337,John Patton,bchung@example.org,2021-08-31,D,1975-09-15,True,94148,DE,True
338,Crystal Hernandez,lynnmendez@example.org,2023-01-09,F,1988-02-04,False,73345,CH,True
339,Bradley Francis,thompsonhenry@example.net,2023-06-04,F,1981-06-26,True,16423,AT,False
340,Alyssa Blackburn,cynthiawade@example.org,2022-09-22,M,2000-05-01,False,43962,DE,False
341,Peggy Sullivan,steven61@example.com,2024-06-09,D,1986-10-03,False,83547,AT,False
342,Jacob Woods,dawnhancock@example.com,2021-11-15,M,2003-11-27,False,74388,AT,True
343,Miss Caitlin Robertson,kyle79@example.com,2022-06-26,M,1989-03-22,False,34492,AT,True
344,Brandi Anderson,andrea80@example.net,2022-04-12,M,2001-08-16,False,12695,DE,False
345,James Rodriguez,toni00@example.net,2022-09-11,D,1996-10-05,True,98075,AT,False
346,Michael Carney,benjaminford@example.org,2023-09-15,F,1993-01-07,False,32506,DE,False
347,Jose Smith,limonica@example.net,2023-11-07,M,1968-06-10,True,98507,AT,True
348,Connor Villarreal,kthomas@example.org,2023-04-28,M,2004-07-14,True,48888,DE,False
349,Chris Thornton,matthew76@example.org,2021-09-13,F,1988-11-21,True,71992,AT,True
350,Andrew Pope,halljeffery@example.org,2021-07-26,M,1999-03-21,False,35194,CH,True
351,Lauren Payne,stephenthompson@example.net,2022-05-31,D,1972-10-02,False,70267,CH,False
352,Christopher Richardson,davidsutton@example.com,2022-01-12,F,2004-01-26,True,71283,CH,True
353,William Green,jose01@example.org,2022-03-12,M,1993-06-28,False,96594,AT,False
354,Dylan Avila,patriciavilla@example.net,2022-08-28,F,2006-05-05,False,37557,DE,False
355,Andrew Williams,philliphiggins@example.org,2023-04-06,M,1989-11-03,False,68502,DE,True
356,Samantha Rasmussen DDS,lopezpatrick@example.com,2023-07-04,F,1990-02-19,False,54653,CH,True
357,David Perez,jill29@example.com,2021-09-02,M,1999-07-13,True,30718,AT,True
358,Rachel Knox,brianfrench@example.net,2023-05-25,D,1992-01-26,True,71673,CH,True
359,Kathleen Reed,floresmary@example.net,2024-01-05,D,1995-01-12,True,77853,AT,False
360,Logan Dougherty,wgomez@example.com,2023-04-04,M,1994-10-23,True,89292,AT,True
361,Kayla Wallace,rrobles@example.org,2023-07-20,D,1949-10-23,False,53993,DE,False
362,Jonathan Calderon,cwalter@example.com,2021-11-08,M,1963-12-07,False,82914,DE,True
363,Andre Ballard,lindsey73@example.org,2022-01-27,F,1999-03-06,False,19557,CH,True
364,Jeanne Baker,luis10@example.org,2022-12-25,M,1994-11-29,False,31332,CH,False
365,Devon Watson,blackaaron@example.net,2023-05-20,F,2004-04-01,True,01154,DE,False
366,Katelyn Harris,emilydodson@example.net,2024-05-18,D,2002-01-19,False,86529,DE,False
367,Jose Mueller,tschmidt@example.net,2023-11-02,D,2005-09-13,True,96638,DE,True
368,Linda Johnson,robertweaver@example.com,2021-10-21,F,1982-03-10,True,84693,CH,True
369,Matthew Perez,gomezcaroline@example.com,2023-01-13,M,2004-08-06,False,28292,AT,True
370,Jennifer Burke,gmccormick@example.org,2024-07-09,D,1995-11-24,True,18807,CH,True
371,Melissa Herrera,dmoore@example.org,2024-04-03,D,2004-04-06,True,70141,CH,True
372,Jennifer Hopkins,richmondcorey@example.com,2021-07-31,F,1989-10-27,False,18761,AT,True
373,Jared Day,tamara95@example.net,2023-08-22,F,1991-02-19,False,23833,DE,True
374,Loretta Jenkins,chasemitchell@example.net,2022-02-13,F,2004-02-14,True,38083,DE,False
375,Derrick Williams,fishertodd@example.net,2021-07-24,D,1990-09-20,True,97697,DE,False
376,Christina Edwards,alexandervictor@example.com,2022-01-06,D,1997-12-07,True,66151,CH,True
377,Andrea Long,johnwalsh@example.com,2023-05-15,F,1987-07-28,False,46320,DE,True
378,Eric Lynch,barrettaaron@example.net,2024-01-02,F,1995-11-23,False,99548,AT,True
379,Rodney Robertson,joshua30@example.org,2022-01-05,D,1991-12-11,True,17235,CH,True
380,John Sutton,parkerkatrina@example.com,2024-04-05,F,1966-10-08,True,40969,AT,True
381,Todd Tate,khernandez@example.net,2022-09-09,D,1969-07-23,False,68238,AT,True
382,Katherine Nelson,laura75@example.net,2022-06-12,D,1997-04-19,False,05018,AT,False
383,Cassandra Wilson,jeanelliott@example.org,2024-01-09,D,2004-03-21,True,13383,AT,False
384,Donald Pierce,sextonbrett@example.org,2023-10-31,M,2005-03-27,True,40209,DE,True
385,Howard Williams,umullen@example.org,2023-03-09,D,2002-01-31,False,42273,CH,False
386,Kathleen Vang,zcummings@example.com,2021-09-02,D,1974-10-29,False,48933,AT,False
387,Christopher Townsend,april84@example.org,2023-04-25,M,1989-10-03,True,50611,AT,False
388,Kenneth Colon,umiller@example.org,2024-01-31,M,1999-12-01,False,33432,AT,False
389,Paula Rogers,jtran@example.org,2022-11-08,D,2005-04-25,True,13152,AT,False
390,Beth Clark,barbara20@example.net,2021-11-05,F,1995-07-07,True,78058,AT,True
391,Jacqueline Taylor,shelley33@example.org,2021-08-21,D,2003-06-08,True,68124,AT,True
392,Matthew Hernandez,michaelwilliams@example.org,2023-06-26,F,1983-11-13,False,06033,AT,True
393,Robert Leblanc,kimberly34@example.com,2022-04-01,D,2002-04-28,True,21803,AT,True
394,Heather Rivera,parkskari@example.com,2024-01-12,D,2005-11-30,True,83457,AT,True
395,Jerry Gonzalez,rgregory@example.net,2022-12-30,M,1999-04-05,False,26419,AT,True
396,Natasha Jacobson,cthomas@example.com,2022-07-15,M,1993-01-29,False,91573,DE,True
397,Nicholas Kemp,ahoover@example.com,2022-07-09,D,2005-08-30,False,77106,AT,False
398,Carla Hernandez,fthompson@example.net,2022-06-10,M,1965-05-01,False,63330,DE,False
399,Manuel Hughes,brookejones@example.com,2022-05-08,M,1995-01-08,False,55934,AT,False
400,Heather Coleman,joneskeith@example.net,2024-05-28,M,1983-05-27,True,53236,DE,False
401,Sarah Copeland,raymond57@example.com,2023-03-09,F,1983-03-14,True,17781,AT,False
402,Cheryl Smith,jeremy14@example.com,2023-06-25,F,1997-06-23,False,10023,AT,True
403,Kerri Johnson,derrickjones@example.org,2023-06-24,D,1989-12-16,False,01265,CH,False
404,Kelsey Willis,samanthahodges@example.org,2021-12-05,F,2005-08-19,False,10217,AT,False
405,Fernando Shannon,dawn26@example.net,2024-05-09,D,2005-01-25,False,29401,CH,False
406,Zachary Nielsen,sara28@example.net,2023-07-17,D,2005-12-19,False,51741,CH,True
407,Dominique Wu,andersonrandy@example.org,2021-08-09,D,1981-01-28,False,05163,DE,False
408,Mallory White,ericacoleman@example.net,2022-12-02,F,1998-07-27,True,33281,CH,False
409,David Hoffman,darren08@example.net,2024-05-09,M,2003-10-17,True,12494,CH,True
410,Albert West,garciaaimee@example.org,2023-08-10,D,1960-10-15,True,71189,AT,False
411,Sarah Ingram,becky37@example.com,2022-10-07,M,1990-09-17,True,06835,DE,False
412,Justin Johnson,laceyferguson@example.org,2022-12-14,D,1985-08-22,True,81549,CH,True
413,Jasmine Bell,pacedavid@example.org,2022-08-15,F,2001-03-06,False,02894,CH,True
414,Rachel Combs,mnelson@example.net,2024-04-23,F,1999-12-19,False,48534,CH,True
415,Jesse Atkinson,aflores@example.com,2021-08-13,M,2005-03-30,True,53058,DE,False
416,Nancy Garcia,randylloyd@example.org,2021-10-31,D,1994-01-11,True,65086,AT,True
417,William Johnson,williamburns@example.net,2022-02-17,D,2005-07-23,True,95439,AT,False
418,Jay House,sbailey@example.net,2022-02-14,M,1991-03-05,True,05528,AT,True
419,Megan Pearson,jamesrandolph@example.com,2023-09-07,F,1999-05-20,True,81931,DE,False
420,Gina Jimenez,qwilliams@example.org,2022-03-29,D,2000-11-13,False,88873,AT,False
421,Daniel Phillips,flynnsandra@example.com,2023-04-01,F,1992-11-01,True,51099,DE,False
422,Melanie Andersen,jonessteven@example.net,2023-10-21,F,1978-09-22,True,09207,CH,True
423,Jose Robertson,joshuasilva@example.com,2022-06-21,M,1959-07-06,False,22925,DE,False
424,Lauren Mccann,smithdavid@example.org,2023-05-31,M,1989-12-11,True,03134,DE,False
425,James Scott,courtneyvaughan@example.com,2023-09-05,F,2002-12-30,True,04299,AT,False
426,Julie Dunlap,mharrison@example.com,2023-09-30,D,1993-02-02,True,92849,CH,True
427,Megan Phillips,bbarrera@example.net,2022-12-06,F,1973-11-07,False,58148,CH,True
428,Theresa Hayes,shelleypratt@example.net,2022-08-05,D,2001-07-28,False,21900,DE,True
429,Monique Simpson,grayjustin@example.com,2021-09-29,D,1988-07-26,True,44758,CH,False
430,Samantha Ibarra,yayala@example.org,2023-05-23,D,1990-09-17,True,70158,DE,True
431,Amanda Peterson,matthew88@example.org,2023-02-06,F,1970-01-20,True,63031,DE,False
432,Sara Green,angelachavez@example.com,2023-01-15,D,1991-01-18,True,99407,AT,True
433,Todd Glenn,clifford56@example.com,2022-07-12,F,2000-01-20,True,37702,AT,False
434,Teresa Romero,myerskevin@example.com,2024-02-21,F,1993-01-24,True,26532,DE,False
435,Thomas Bradford,jallison@example.org,2023-08-06,M,2003-03-03,False,59868,AT,False
436,Molly Gordon,aedwards@example.com,2023-12-01,F,1989-09-26,True,03492,CH,True
437,Lisa Peters,vanessa82@example.org,2023-10-24,D,1960-06-02,True,84969,AT,False
438,Jacob Johnson,kcox@example.net,2022-03-20,D,1993-02-10,True,03584,AT,False
439,Jeffrey Davis,reedanna@example.com,2023-07-26,M,2002-09-22,False,19229,AT,True
440,Tammy Mccall,sara13@example.com,2022-02-07,M,1996-07-25,True,85324,CH,True
441,Reginald Murray,diamonddavis@example.net,2023-01-11,D,2004-09-03,True,07312,CH,True
442,Javier Wilson,stephen70@example.com,2023-10-15,D,2003-10-10,False,74142,CH,False
443,Amanda Rowe,grodgers@example.com,2022-04-28,F,1996-10-12,True,21560,DE,False
444,Benjamin Lopez,qmiller@example.org,2022-01-07,F,1996-08-11,True,09513,DE,False
445,Matthew Cochran,ewatkins@example.com,2023-02-16,M,2003-03-08,True,00844,DE,True
446,William Barajas,taylorgrant@example.com,2024-03-28,M,1989-12-03,True,39304,CH,True
447,Patricia Marshall,paul78@example.org,2022-05-01,D,2003-07-30,True,12069,DE,True
448,Ann Barr,jennifer08@example.net,2021-10-05,M,1997-06-22,False,06127,CH,False
449,Lance Mercado,allennorma@example.net,2023-04-17,M,1998-11-15,False,66868,DE,False
450,Laura Howell,asanchez@example.net,2021-12-14,D,1984-11-23,True,23392,DE,True
451,Nancy Cox,zmendez@example.org,2021-11-24,M,1981-11-06,True,69770,AT,False
452,Melissa Smith,marcus31@example.com,2023-10-05,F,2003-05-30,False,15704,DE,False
453,Natasha Wheeler DVM,castilloadrienne@example.com,2021-08-30,M,2001-06-27,True,97563,DE,True
454,Kimberly Smith,christopher19@example.com,2024-04-17,F,2004-07-24,False,51943,CH,False
455,Melissa Valdez,david86@example.org,2023-10-18,D,1990-08-08,False,77382,CH,False
456,Matthew Taylor,tjones@example.org,2022-12-17,M,1994-04-03,False,25674,CH,True
457,Erin Brady,coxgrace@example.org,2022-07-04,M,1990-12-08,False,88974,CH,False
458,Jerome Phillips,kimberly52@example.org,2022-08-12,M,1993-08-17,False,86811,AT,True
459,Alyssa Davis,evansmelissa@example.org,2023-03-15,D,1998-07-04,True,49069,AT,False
460,Timothy Sutton,stevensmith@example.org,2022-12-14,D,2006-04-11,False,55942,AT,True
461,Krista Stewart,bennettmichael@example.net,2021-10-07,F,2000-04-14,True,62027,CH,False
462,Paul Holt,daniel05@example.com,2024-04-08,F,1993-11-17,True,33973,AT,True
463,Christian Farmer,vernon45@example.net,2023-07-10,D,2005-07-30,False,17150,CH,True
464,Edward Wong,rwhitney@example.net,2022-10-02,M,1989-08-19,True,72402,DE,True
465,Judy Lewis,esmith@example.org,2021-10-23,F,2006-06-25,False,02679,DE,False
466,Gerald Gonzales,mendozachristopher@example.org,2023-02-23,D,1980-11-15,False,10118,DE,False
467,Terry Robinson,walkeralexandria@example.org,2023-10-21,D,1985-08-18,False,04122,CH,True
468,George Rose,dlove@example.net,2023-03-03,F,1987-09-28,True,29505,CH,False
469,Preston Cox,dana57@example.com,2023-06-23,D,1997-09-02,True,27508,AT,False
470,Anthony Whitaker,ashley20@example.net,2022-01-16,F,2001-07-08,True,96772,CH,True
471,Tammy Schwartz,carpenterpeggy@example.org,2022-03-05,M,1975-12-19,True,82616,AT,False
472,Richard Hardy,petersonsean@example.net,2023-10-04,D,2000-10-22,True,73870,AT,False
473,Andrea Holden,stevensonjeffrey@example.com,2022-12-30,F,2005-11-02,False,91543,AT,False
474,James Swanson,afarmer@example.com,2024-01-04,F,1995-01-22,False,26212,DE,True
475,Joyce Hanson,ashleyjohnson@example.net,2022-05-15,D,2000-06-27,True,27072,DE,False
476,Sean Collier,buchanancolin@example.org,2021-10-30,M,2002-01-02,True,99234,CH,True
477,Nathaniel Williams,amandaboone@example.org,2021-08-07,D,1995-11-28,False,75867,AT,False
478,Ronald Fisher,frodriguez@example.com,2024-01-02,F,1969-12-05,True,03464,AT,False
479,Alexander Shaffer,brandtmeagan@example.org,2024-02-15,M,2003-07-28,True,61041,CH,True
480,Jacob Proctor,reynoldsbrandon@example.net,2023-04-29,M,2003-10-23,False,56650,DE,False
481,Amanda Thompson,erin76@example.com,2023-01-20,M,1973-06-30,True,97897,AT,False
482,Beverly King,ufranklin@example.net,2023-05-02,M,1988-10-30,False,42841,DE,True
483,Jessica Moore,cburgess@example.net,2022-12-27,D,2001-06-08,True,78777,CH,True
484,Brittany Thompson,kelly09@example.net,2023-01-14,F,2000-10-13,True,39344,AT,True
485,Denise Palmer,wendy20@example.org,2022-08-08,M,1974-12-25,False,63876,CH,False
486,April Smith,scott19@example.com,2024-03-11,M,2003-09-03,True,82116,DE,True
487,Bryan Diaz,xstone@example.net,2024-01-07,D,1994-10-20,False,32711,AT,True
488,Eric Willis,alex54@example.com,2023-04-14,F,1985-01-16,False,10162,AT,False
489,Vicki Mendez,daltonjohnson@example.com,2024-06-23,F,2001-01-25,False,90490,AT,True
490,John Mason,iancampos@example.com,2023-02-15,F,1995-12-11,False,63545,CH,False
491,Patrick Evans,westian@example.com,2023-10-08,M,2002-11-19,False,58170,CH,True
492,Kevin Owen,dmccarthy@example.org,2023-03-07,M,2001-02-24,False,65252,AT,False
493,Melissa Dean,jdavis@example.org,2023-12-29,D,1995-12-10,True,84426,CH,True
494,Denise Davidson,gbaker@example.com,2022-11-15,M,2005-10-14,True,07967,DE,True
495,Mr. Kyle Henderson,johnsoncynthia@example.com,2024-02-19,M,2003-10-12,False,86657,CH,False
496,Derek Fowler,lhenry@example.net,2023-05-18,M,2001-12-21,False,86999,AT,True
497,Daniel Johnston,daltonemily@example.net,2021-12-27,D,2004-08-23,False,01496,DE,True
498,Yolanda Torres,williesmith@example.com,2021-12-08,M,1999-03-10,False,94704,AT,False
499,Angela Cook,dennis07@example.net,2022-01-06,F,2004-09-26,True,12042,AT,True
500,Kelly Walters,rodneymurphy@example.com,2021-11-08,D,1998-12-03,False,46497,AT,True
501,Kyle Brown,amber40@example.net,2021-10-10,F,2003-04-23,False,63983,CH,False
502,Allen Long,christopherarnold@example.org,2023-10-28,F,2004-01-31,False,47423,CH,True
503,Melissa Welch,paulgray@example.com,2024-02-28,D,2000-12-18,False,78331,AT,True
504,Alyssa Reynolds,meganjones@example.com,2022-11-06,F,1997-11-27,True,76173,AT,False
505,Luis Parker,robertcollins@example.net,2021-09-22,D,1986-12-09,False,37344,AT,True
506,Monique Garcia,ebrooks@example.net,2023-10-25,M,1987-07-19,True,81830,AT,False
507,Christopher Velez,collinslaurie@example.net,2024-03-11,D,1946-06-11,True,90881,DE,True
508,Jaclyn Townsend,raydeborah@example.com,2024-01-30,D,1977-04-23,True,62098,AT,True
509,Jasmine Munoz,klloyd@example.net,2024-07-10,D,1999-11-03,False,75855,DE,False
510,Brian Robinson,lisapatel@example.net,2022-06-27,D,1984-06-07,True,09991,AT,False
511,Sarah Figueroa,craiglewis@example.com,2024-04-26,F,1992-04-23,False,21359,CH,True
512,Kyle Cameron,obooker@example.net,2022-02-19,F,1998-11-14,False,60663,CH,False
513,William Beard,areynolds@example.net,2024-01-04,F,1979-04-17,False,28241,DE,True
514,Nathaniel Welch,benjamingregory@example.net,2024-03-21,D,2003-11-17,True,50763,CH,True
515,John Brown,john66@example.org,2023-08-25,F,2005-12-27,True,33151,AT,False
516,Nathan Price,lauraosborne@example.org,2023-05-05,M,1999-12-08,True,52692,AT,False
517,Mark Johnson,samantha01@example.org,2022-02-22,M,1975-04-15,True,10885,AT,False
518,Jason Perez PhD,meyerchristopher@example.com,2021-08-01,F,2001-04-15,False,56267,CH,False
519,Bruce Chavez,jennifer54@example.net,2021-12-30,F,2002-10-01,True,32829,AT,True
520,Lynn Chandler,crystal31@example.com,2024-02-22,D,1990-01-31,True,36328,DE,False
521,Kenneth Wagner,heatherscott@example.com,2022-10-22,M,2001-12-13,False,20305,AT,True
522,Greg Snow,carlosnguyen@example.net,2024-06-08,D,1995-03-11,False,24553,CH,True
523,Christopher Powers,lyonsbrenda@example.com,2023-04-25,D,2001-06-08,False,45891,CH,False
524,Ray Pacheco,peterfitzpatrick@example.net,2023-11-09,F,1975-07-25,False,99031,CH,True
525,Darlene Hunt,usharp@example.com,2023-11-22,M,2002-03-23,True,56560,DE,False
526,James Nguyen,josephbeltran@example.com,2023-10-09,M,1998-12-21,True,18161,CH,True
527,Mr. Michael Nunez,phillip64@example.org,2022-07-23,F,1972-08-13,False,04612,AT,True
528,David Ryan,sandersernest@example.org,2022-04-16,M,1978-08-03,True,31380,DE,True
529,Meredith Lee,judy51@example.com,2022-06-16,D,1970-01-06,False,39234,AT,False
530,Daniel Wilson,bradthomas@example.net,2022-01-19,F,2002-07-11,False,06873,CH,True
531,David Reynolds,molson@example.com,2021-12-27,M,2005-05-27,False,43451,DE,False
532,Michelle Garcia,stephaniehayes@example.org,2022-08-16,F,1977-03-06,False,10148,CH,True
533,Jennifer Nguyen,elizabethmoreno@example.org,2021-09-20,D,2003-04-04,False,68837,AT,False
534,Elizabeth Diaz,youngerica@example.net,2024-07-20,M,1993-12-13,False,41363,CH,True
535,Ashley Montgomery,carrilloalexa@example.com,2021-10-17,D,2001-02-18,False,95872,CH,False
536,Victoria Blair,johnny11@example.net,2024-07-14,M,1983-08-24,False,53042,CH,False
537,Destiny Barnes,xvaughn@example.org,2024-06-08,D,2001-07-30,False,45881,AT,True
538,Victoria Mills,fwilson@example.org,2022-10-04,D,2003-01-27,True,60080,DE,True
539,Alicia Andrade,ldavis@example.net,2024-05-30,M,1997-07-24,False,51271,CH,True
540,Alicia Beasley,edurham@example.com,2021-11-28,F,1992-09-01,True,13099,AT,True
541,Natasha Brooks,sandersdanielle@example.org,2022-08-02,M,2000-06-06,True,71875,CH,False
542,Kristin Stuart,zberg@example.com,2023-04-15,M,1974-11-13,False,88597,AT,True
543,Julie Vasquez,suzannemckenzie@example.org,2023-07-30,M,2000-05-03,True,06387,AT,False
544,Keith Rodriguez,sarahcampbell@example.com,2023-09-16,F,1989-09-04,False,34690,CH,False
545,Lisa Morris,jeremybarnes@example.org,2022-08-21,D,1998-04-28,True,71212,AT,True
546,Lisa Jenkins,egriffin@example.com,2022-07-09,F,2003-03-03,False,53801,CH,True
547,Jamie Allen,erin22@example.org,2022-10-09,D,2004-03-31,True,48476,AT,False
548,Hannah Cox,michaelpeterson@example.com,2024-01-26,M,2004-12-14,True,17902,AT,True
549,Mr. Paul Hickman,walterspaul@example.com,2023-06-19,F,1994-12-24,True,24761,CH,True
550,Cristian Hatfield,kleinkarl@example.org,2022-08-14,F,1996-10-31,False,63081,CH,False
551,Tracy Sanders,cuevasjessica@example.net,2024-06-01,F,1991-03-04,True,27892,DE,False
552,Ronnie Moore,garciasandra@example.net,2021-08-10,F,2002-10-11,True,29313,DE,False
553,Justin Johnson,stephanie53@example.net,2023-04-29,D,1995-09-21,False,89341,CH,True
554,Clayton Harrington,victoriahenderson@example.org,2022-08-25,D,1967-01-25,False,69650,CH,True
555,Vincent Carey,wsnow@example.com,2022-11-26,D,2000-12-06,False,72542,CH,False
556,Dominique Gilbert,tiffanyroth@example.com,2024-01-25,M,1975-09-24,False,89405,AT,True
557,Samantha Clarke,vhernandez@example.net,2023-04-01,M,2000-08-05,True,51814,DE,False
558,Elizabeth Santana,davisjacob@example.net,2021-11-02,F,2006-05-22,True,74929,AT,True
559,Daniel Taylor,ralphmurphy@example.com,2023-10-30,F,1994-05-13,True,57306,AT,False
560,Samuel Harris,justinyang@example.net,2023-03-05,M,1973-08-10,True,44474,AT,False
561,Christine Gomez,kstanley@example.com,2023-10-21,M,1994-01-06,False,56945,DE,False
562,Alexandra Brown,williamoneal@example.org,2023-09-23,F,2000-10-18,True,93718,DE,True
563,Luis Hill,paul65@example.com,2022-05-03,D,1989-04-28,False,47444,CH,True
564,Wanda Lambert,bmorgan@example.net,2023-09-06,F,2003-10-04,False,04851,DE,False
565,Beverly Cantrell,robert92@example.com,2021-12-03,F,1998-10-17,True,41730,AT,True
566,Jean Edwards,kristen73@example.org,2022-08-17,D,2003-05-18,False,42818,CH,True
567,Tony Scott,melissajoseph@example.net,2023-12-18,D,1995-02-13,True,58510,AT,False
568,Hannah Cline,fgreer@example.org,2024-05-21,F,2004-05-19,False,34606,DE,True
569,Alicia Wright,mbautista@example.org,2022-11-23,F,2004-12-23,True,32900,CH,False
570,Douglas Lopez,johnsonpeter@example.org,2022-05-01,M,2003-05-23,False,08080,AT,True
571,David Sherman,morrisdavid@example.org,2021-07-28,D,2004-05-31,False,60993,AT,False
572,Michael Ramirez,brewercarl@example.net,2021-10-10,F,2003-08-08,True,20793,CH,True
573,Joshua Price,melissariggs@example.com,2023-04-24,F,1998-03-29,True,61324,CH,False
574,Scott Douglas,sandersjesse@example.org,2023-11-30,F,2004-03-06,True,63493,DE,False
575,Robert Snyder,dli@example.org,2024-05-12,M,1984-10-10,True,35909,DE,True
576,Dominique Goodwin,velasquezkristen@example.com,2024-07-11,M,1978-09-30,True,79742,DE,False
577,Jonathan Perez,rebecca84@example.com,2022-04-14,F,1982-04-26,True,40060,CH,True
578,Deanna Nguyen,vanessasimon@example.org,2024-05-16,M,1984-07-28,True,74569,DE,True
579,Darrell Alexander,anna58@example.net,2023-02-03,F,1999-05-04,True,85971,AT,False
580,Laurie Miller,soniayang@example.com,2023-06-23,D,1989-08-22,True,65534,AT,False
581,Theresa Hill,catherine14@example.net,2023-03-21,F,1990-12-20,False,74316,CH,False
582,Brenda Butler,james41@example.com,2022-07-04,F,1983-04-14,False,18331,CH,False
583,Lauren Combs,joshuaalvarez@example.com,2023-11-28,D,1977-01-13,True,34885,AT,True
584,Alice Payne,lallison@example.net,2022-07-25,D,2004-12-05,True,83264,AT,True
585,Michaela Romero,kathryn59@example.org,2023-11-08,D,2005-10-16,True,95515,CH,True
586,Tyler Kane,montoyajohn@example.org,2023-04-30,D,1997-12-07,False,17748,CH,True
587,Michael Burch,johnlowe@example.com,2023-04-29,M,1996-03-07,True,05999,AT,True
588,Mathew Rose,rebecca87@example.org,2021-07-29,D,2002-04-29,True,23277,AT,True
589,Vanessa Jennings,alexandercameron@example.org,2024-05-16,D,1982-12-28,True,92180,CH,True
590,Richard May,zpeck@example.net,2023-05-19,D,2005-11-25,False,67214,AT,True
591,Jeffrey Nguyen,lindseytiffany@example.com,2021-09-18,D,1990-09-23,False,13149,AT,True
592,Sara Sanchez,ambergomez@example.org,2021-11-29,D,2001-06-20,False,64327,DE,False
593,Stephen Torres,stephanienicholson@example.net,2021-10-18,D,1991-08-25,False,91945,AT,False
594,Connie Carroll MD,robert65@example.org,2024-04-22,F,1971-06-26,True,29297,CH,True
595,Dean Morrow,lsweeney@example.org,2023-04-07,F,2005-06-21,False,55948,AT,True
596,Virginia Mcknight,rodriguezmichele@example.com,2022-02-11,M,1997-03-23,False,71249,CH,False
597,Caitlyn Smith,michelle74@example.org,2024-03-17,M,2001-09-03,True,85275,CH,False
598,Samantha Gonzales,daniel08@example.org,2023-04-04,D,2000-11-12,True,76043,AT,True
599,Michael Smith,laurenbender@example.net,2024-07-01,M,1976-10-25,True,53948,CH,False
600,Mrs. Amanda Russell,ndavila@example.net,2022-03-25,F,1990-02-01,True,86120,DE,False
601,Danielle Douglas,merrittjordan@example.org,2024-01-19,F,1991-11-04,True,46534,AT,False
602,Keith Parks,broberts@example.org,2021-07-28,D,1999-05-06,False,74939,DE,False
603,Troy Olson,amandasmith@example.net,2023-08-11,F,1994-08-06,False,71971,DE,True
604,Kristina Rivera,leelori@example.com,2022-06-08,M,2004-09-18,True,38337,DE,True
605,Kayla Martinez,wjuarez@example.net,2024-03-09,M,1989-12-24,False,76534,DE,False
606,Paul Garcia,tina34@example.net,2022-01-06,D,1995-06-07,True,45038,AT,True
607,Rebecca Burnett,micheleyoung@example.net,2024-03-22,D,1992-05-03,False,23589,AT,True
608,Crystal Freeman,jenniferfranklin@example.com,2024-06-12,D,1978-03-26,True,36679,AT,True
609,George Washington,yvettestone@example.net,2022-09-30,F,1999-05-26,True,99142,DE,False
610,Morgan Arnold,melissa23@example.org,2021-12-03,M,2006-07-02,True,45187,CH,True
611,Patricia Gibson,jonathangill@example.net,2022-06-12,F,1999-07-27,False,46018,AT,True
612,Jean Smith,jjefferson@example.org,2022-06-03,M,1975-07-27,False,95073,CH,True
613,Daniel Fuentes,jonathanwilliams@example.org,2023-02-19,D,1993-11-14,True,98856,AT,False
614,Bethany Glass,yparks@example.com,2022-07-20,F,1959-07-15,True,65559,CH,False
615,Anita Fuller,adamskristin@example.org,2023-07-15,M,2000-03-06,False,24444,AT,False
616,William Huerta,peterwang@example.org,2024-04-18,M,2003-04-03,False,21208,DE,False
617,Daniel Rivas,victoriajones@example.org,2023-07-25,F,1966-01-02,False,38551,CH,False
618,Anthony Pham,pthomas@example.com,2024-06-26,F,1980-09-30,True,60130,AT,True
619,Reginald Hurst,michelle07@example.net,2023-03-24,M,1989-11-25,False,96186,CH,False
620,Cassie Ward,peggy79@example.net,2022-07-29,M,1989-07-18,False,23367,AT,False
621,Melissa Jones,davidmcbride@example.net,2024-01-30,F,1982-05-15,True,18428,AT,False
622,Xavier Green,duanejensen@example.com,2023-05-27,F,2004-01-10,True,69540,AT,False
623,Barbara Carney,sharris@example.com,2022-09-05,F,1995-01-04,False,40758,AT,True
624,Donald Chen,gsilva@example.org,2023-08-02,M,1971-11-16,False,19022,DE,True
625,Kristen Mercado,pottsstephanie@example.com,2023-08-21,D,1998-08-01,True,31387,DE,False
626,Renee Russell,ujones@example.net,2021-10-25,D,1985-09-13,False,24843,DE,True
627,Marissa Espinoza,yjames@example.net,2022-02-06,F,2001-08-03,False,73975,DE,True
628,Christian Griffin,johnsedward@example.net,2021-08-18,M,1944-05-06,True,77090,CH,True
629,Cody Hamilton,ryan33@example.net,2022-06-22,M,1999-05-19,False,38744,CH,False
630,Melissa Prince,jonessean@example.net,2021-09-18,M,1975-03-14,False,77218,CH,False
631,Jerry Mayer,cindy92@example.com,2021-09-19,D,1971-11-22,False,80548,DE,True
632,Charles Velasquez,hernandezsarah@example.net,2022-02-27,F,1989-10-03,False,17459,DE,False
633,Patricia Underwood,floresbrian@example.net,2024-01-08,F,1999-01-27,False,57994,CH,True
634,Victoria Lopez,underwoodlauren@example.net,2023-02-08,D,1976-04-22,False,18816,AT,False
635,Jack Liu,mreed@example.net,2022-04-23,F,1999-04-18,True,45620,CH,True
636,Keith Malone,austin20@example.org,2023-11-26,D,1998-07-13,True,14909,DE,False
637,Dale Gordon,jamesjones@example.com,2022-02-18,D,1991-11-17,False,01592,CH,True
638,Melissa Edwards,plloyd@example.org,2023-07-16,M,1979-09-07,False,77860,DE,False
639,Rachel Mann,millernicholas@example.com,2021-09-03,M,1998-11-21,False,23145,CH,True
640,Carla Nunez,qchandler@example.net,2022-02-15,M,1999-08-21,False,16622,CH,True
641,John Valenzuela,jenniferdavis@example.org,2024-03-21,D,1992-09-13,True,83581,CH,False
642,Deanna Gomez,kim14@example.org,2022-09-28,F,1993-08-06,False,76904,DE,True
643,Cory Meyer,williamwalter@example.org,2023-02-11,M,1986-10-25,False,85035,CH,True
644,Sandra Guerrero,haley92@example.com,2021-11-18,D,2004-11-09,False,52731,AT,True
645,Catherine Murphy,nataliekeller@example.org,2024-07-11,F,1948-07-16,True,64937,CH,True
646,Alex Phillips,martineztammy@example.net,2021-09-25,F,1996-06-05,True,33459,CH,True
647,Alexander Watson,dennis76@example.org,2022-01-27,F,1993-09-22,True,98253,AT,False
648,Grant Myers,brittany85@example.com,2023-03-13,M,1996-08-13,True,49645,AT,False
649,Brandon Griffin,thomasrichardson@example.net,2022-01-01,M,1996-12-04,True,29737,DE,True
650,Heather Lopez,sbruce@example.com,2022-12-22,F,2006-04-29,False,68464,DE,False
651,Robert Cook,lisa23@example.org,2022-07-23,D,2002-09-29,False,36348,AT,False
652,Donna Martin,marcus86@example.net,2024-01-26,F,2005-03-31,True,42848,AT,True
653,Jessica Yoder,hawkinsjessica@example.org,2022-07-15,D,2004-08-16,True,30208,DE,False
654,Dana Garcia,coxlawrence@example.com,2021-07-30,D,1984-04-25,False,74721,AT,False
655,Pamela Adams,reneepatel@example.net,2024-06-16,D,1977-10-24,False,21099,CH,True
656,Danny Larsen,philipmoore@example.com,2022-02-15,M,1989-10-04,True,26379,AT,False
657,Tiffany Houston,francesmoore@example.org,2022-05-17,M,2006-01-12,True,41995,AT,False
658,Sarah Scott,murillojeffery@example.org,2023-06-19,F,2002-07-28,False,50016,DE,False
659,Andrew Morris,reeseemma@example.com,2023-12-04,F,1990-01-18,True,82286,AT,False
660,Lisa Bowers,jarellano@example.org,2023-05-30,M,2002-10-03,True,91565,AT,False
661,Marc Gonzales,christopher71@example.net,2023-07-25,D,1977-11-28,True,35342,DE,False
662,Andre Hawkins,jmoran@example.org,2023-11-24,D,2001-03-03,True,66763,AT,True
663,Joshua Gilbert,jonathan99@example.com,2024-05-27,F,2001-10-10,True,12676,DE,True
664,Eric Johns,mark35@example.com,2021-09-12,M,2006-04-18,False,75088,AT,False
665,Devin Kemp,hollowayanna@example.org,2023-04-10,F,1998-10-01,False,51597,AT,False
666,Karen Silva,kellykeith@example.net,2022-12-15,M,2005-04-21,False,80739,DE,False
667,Rachel Nguyen,christopherhamilton@example.org,2022-09-07,D,2000-01-11,True,05011,DE,True
668,Jessica Garcia,mollymclaughlin@example.net,2023-07-21,F,1983-03-21,False,70363,DE,True
669,Robert Roberts,simonmichael@example.com,2021-08-07,D,2000-01-03,True,24941,CH,True
670,Christian Rivas,anthony07@example.com,2021-10-22,M,1997-07-31,True,23160,AT,False
671,Marissa Simmons,vwhite@example.net,2024-06-02,F,1991-04-01,False,86869,DE,False
672,Thomas Ray Jr.,michellecarson@example.net,2023-12-10,F,2005-07-30,True,84601,CH,True
673,Connie Rodriguez,james49@example.org,2022-08-20,F,1995-06-17,False,01295,DE,False
674,Brittany Graves,millerkevin@example.com,2024-02-18,F,2003-07-01,True,71973,CH,False
675,Alex Williams,maynardrobert@example.net,2023-08-12,M,1981-04-22,True,82237,CH,False
676,Heather Reed,jamesherrera@example.org,2023-06-09,D,1992-09-08,True,55349,CH,True
677,Melissa Gomez,samanthawilliams@example.org,2021-10-06,M,1982-09-30,False,11007,CH,True
678,Robert Gonzalez,larajessica@example.net,2023-04-06,M,1961-02-26,True,26585,CH,True
679,Kirsten Young,slee@example.org,2023-09-23,M,1973-01-04,False,40392,CH,True
680,Denise Bryan,jonathon30@example.net,2022-02-27,F,1977-01-25,False,70097,DE,False
681,Debra Erickson,bmartin@example.com,2022-07-16,M,1975-02-20,True,10767,DE,False
682,Rebekah Chang,fischerjodi@example.net,2022-02-24,F,1999-02-07,True,91133,AT,True
683,Edward Sandoval,laurenfoley@example.org,2024-05-23,F,2002-03-25,False,68724,AT,True
684,Diana Nixon,brittany14@example.org,2022-05-23,D,1996-11-19,False,99778,DE,True
685,Michael Morrison,xdavis@example.net,2022-02-28,D,1988-06-24,True,96342,CH,False
686,Mrs. Brenda Alexander,moorebradley@example.com,2024-06-29,F,1998-08-29,True,49753,CH,False
687,Jeremy Small,william96@example.com,2022-05-26,D,1991-05-11,False,76946,AT,True
688,Neil Lopez,ronald06@example.com,2022-06-29,M,1979-07-26,False,08603,AT,False
689,Victor Munoz,pedro16@example.com,2022-09-22,M,1962-02-04,True,21802,CH,True
690,Michael Smith,william29@example.net,2022-11-19,D,2005-12-14,True,63925,DE,True
691,Kelly Gaines,tyler79@example.net,2023-06-17,M,1999-08-19,False,10100,CH,False
692,Steven Johns,bbrown@example.net,2023-03-17,F,2000-10-10,True,38614,DE,True
693,Melissa Mcknight,mooreethan@example.org,2022-08-03,D,1999-03-24,True,58327,DE,False
694,Robert Castro,carol28@example.com,2023-12-24,D,1993-04-10,True,18506,DE,True
695,John Rosales,joanbaird@example.com,2022-03-23,M,1979-05-13,True,48608,CH,True
696,Christopher Johnson,wodonnell@example.com,2024-04-29,M,1995-03-04,True,94282,DE,True
697,Vicki Price,douglascollier@example.net,2023-01-04,D,1993-09-24,False,57875,DE,False
698,Laura Gould,melissa92@example.org,2022-03-08,F,1999-10-27,True,78033,AT,True
699,Regina Shepard,chapmanvictoria@example.com,2021-09-15,F,2001-12-24,True,35759,AT,False
700,Jennifer Byrd,dominguezamanda@example.org,2022-12-21,D,1969-10-02,False,90620,DE,False
701,Paula Cardenas,westkyle@example.net,2022-05-10,M,1988-10-24,False,11803,AT,True
702,Yolanda Parker,mosleyaaron@example.org,2024-06-29,F,1999-12-15,False,25479,CH,False
703,Kathleen White,grantmichael@example.com,2023-12-15,F,2002-05-20,False,95805,CH,True
704,Charles Sanders,castanedamichelle@example.com,2022-04-05,F,1991-01-23,False,23442,DE,True
705,Dalton Miller,phoward@example.com,2021-08-30,D,1967-01-31,True,48112,CH,False
706,Michelle Moore,curtisowens@example.net,2024-07-16,M,1983-04-08,False,50893,AT,False
707,Julie Lucero,cmendez@example.org,2024-07-12,F,1981-04-30,True,03460,CH,False
708,Aaron Powers,rnewton@example.net,2022-05-27,M,1997-12-12,False,01768,AT,True
709,Heather Smith,carlosbennett@example.org,2021-09-21,M,1992-05-06,True,54566,AT,True
710,Joseph Gonzales,sharon98@example.org,2023-05-18,F,1966-09-29,True,63102,CH,True
711,Anthony Rogers,lewisamanda@example.com,2023-02-16,D,2002-12-27,False,93611,AT,False
712,Emily Ramirez,dawn11@example.com,2022-04-27,D,1965-08-02,False,26282,AT,False
713,Alexis Weaver,thompsonlisa@example.com,2021-11-01,F,1973-09-05,True,21866,CH,True
714,Steve Butler,vking@example.com,2021-11-10,F,1981-08-17,True,98197,DE,True
715,Clarence Wilcox,griffinrobert@example.net,2022-04-18,M,1981-03-01,False,02516,DE,False
716,Christine Estes,mahoneycrystal@example.net,2022-05-31,D,1964-02-27,True,21195,CH,True
717,Sherry Soto,nprice@example.net,2024-05-28,F,2004-08-12,False,11974,CH,True
718,Mr. Rick Myers,jenniferjohns@example.net,2022-06-04,F,1950-10-17,False,36292,AT,False
719,Rachel Young,abrady@example.com,2023-02-14,D,1995-05-18,False,87272,CH,True
720,Sarah Taylor,carlosscott@example.org,2022-04-01,D,1979-09-12,False,36042,CH,False
721,Jennifer Smith,amygomez@example.com,2023-08-23,M,1981-01-27,False,49891,DE,True
722,Daniel Ramirez,elizabeth72@example.net,2023-02-12,D,1978-09-06,True,38293,DE,False
723,Anna Smith,lucashanson@example.com,2021-11-13,F,1990-05-19,False,76268,DE,True
724,Stacey Mcconnell,wflores@example.net,2024-01-03,M,1960-01-04,True,98546,CH,False
725,Daniel Williams,ygregory@example.org,2024-04-29,D,1995-01-15,True,57768,DE,True
726,Dr. Zachary Mathis,wardjeremy@example.org,2023-07-26,M,2000-03-26,True,72250,DE,True
727,Stacey Steele,xsmith@example.org,2023-04-22,M,2001-02-13,False,24997,AT,False
728,Maria Nielsen,ckeller@example.net,2022-01-01,F,1984-09-13,False,26762,AT,True
729,Brandy Hall,william34@example.com,2024-05-24,D,2005-08-27,True,10882,AT,False
730,Carlos Scott,hodgestephanie@example.com,2024-05-31,M,1965-11-11,False,43864,CH,True
731,Deborah Morris,aaronsullivan@example.org,2021-08-18,D,2001-06-11,True,92025,CH,False
732,Sarah Herrera,blopez@example.org,2022-10-19,F,2005-04-09,False,59492,DE,True
733,Joshua Perkins,hubbardjoseph@example.net,2022-05-15,D,1989-07-14,True,22030,AT,True
734,Brett Oliver,lynnjohnson@example.org,2022-01-02,F,1990-08-03,True,91894,DE,False
735,Mrs. Emily Martinez,adamstiffany@example.net,2023-10-29,F,1993-07-08,False,85804,DE,True
736,Joseph Delgado,simschristine@example.net,2023-07-27,F,1987-03-03,False,12447,AT,False
737,Thomas Johnson,tiffanylittle@example.net,2022-11-19,D,1990-09-09,False,30629,AT,False
738,Daniel James,wsullivan@example.net,2021-09-27,D,1987-02-06,True,34105,CH,True
739,Kylie Dalton,tanyaleon@example.net,2021-10-28,M,1993-11-13,False,76141,CH,False
740,Felicia Castaneda,csalas@example.org,2022-10-12,D,1996-03-17,False,65536,DE,True
741,Heather Steele,jessicawallace@example.net,2023-09-29,F,1993-10-10,False,68600,AT,False
742,Candice Meyer,rossstacey@example.net,2022-12-10,M,2002-07-08,True,47588,DE,True
743,Latoya Nelson,cwashington@example.net,2023-06-25,D,1994-12-04,False,64837,CH,True
744,Michael Williams,sherrijohnson@example.net,2022-08-10,F,2004-07-26,False,51044,CH,False
745,Melissa Sandoval,jamesjames@example.org,2023-03-08,D,2005-09-14,False,79025,AT,True
746,Nathan Lutz,sanchezhector@example.com,2024-06-07,F,1976-04-04,False,70541,DE,False
747,Christopher Park,clineandrew@example.org,2022-04-11,M,2003-09-05,False,14206,AT,True
748,Amy Brown,victoriaramos@example.net,2021-09-27,M,1954-10-10,False,16781,AT,False
749,Adam Norton,garciakevin@example.net,2022-11-26,F,1981-01-04,True,06027,CH,True
750,Crystal Frederick,hstevens@example.net,2023-10-06,D,1975-11-18,False,34547,AT,False
751,Leah Smith,christineortiz@example.com,2023-04-20,D,2004-11-14,False,38729,AT,False
752,Michael Stewart,christina15@example.org,2022-07-11,F,1989-04-22,False,13148,CH,False
753,Melanie Johnson,tamara98@example.org,2023-02-03,M,1991-12-25,False,22524,DE,False
754,Jessica Graves,emilywilliams@example.org,2023-06-19,D,1999-10-09,True,50029,DE,True
755,Tina King,lozanostephanie@example.org,2023-03-26,D,2001-12-10,False,22825,CH,False
756,Chad Murray,gregorypittman@example.org,2024-05-06,M,1995-10-13,False,36563,CH,True
757,Susan Cruz,shepherdmichael@example.com,2021-09-05,F,2001-11-21,False,54322,DE,False
758,Gene Andersen,stevensdavid@example.com,2023-02-15,D,1988-03-19,False,65609,DE,False
759,Cynthia Li,richardsonkenneth@example.com,2021-08-10,D,2001-06-30,True,47808,DE,False
760,Julie Lopez,johnny86@example.net,2022-06-15,M,1967-03-09,False,85535,AT,True
761,Vincent Campbell,ocraig@example.net,2024-07-01,F,1985-09-30,False,19926,CH,True
762,Heather Esparza,wendy68@example.com,2022-06-21,D,1985-02-28,False,06438,CH,False
763,Tammy Aguilar,upope@example.org,2021-09-10,M,2004-07-19,False,96197,CH,True
764,Grant Henderson,megan15@example.net,2021-09-10,F,1997-03-10,False,52660,DE,False
765,Haley Long,gmoore@example.org,2022-11-12,F,1961-04-17,False,18095,CH,True
766,Justin Edwards,anthony11@example.net,2021-08-27,F,2005-09-19,True,94443,AT,False
767,Kevin Baker,velasquezmark@example.com,2021-11-30,M,2004-01-14,False,91790,AT,False
768,Caroline Preston,smithroy@example.org,2023-07-26,M,1976-01-12,True,96649,CH,True
769,John Romero,tashawhite@example.org,2022-02-12,D,1977-08-13,True,24298,CH,False
770,Carly Bell,haustin@example.net,2024-06-26,D,2000-01-03,True,43184,CH,True
771,Cody Jones,watsonjoshua@example.net,2022-03-29,M,1962-02-20,True,78651,DE,True
772,Thomas Ochoa,wnelson@example.net,2022-06-04,D,2001-10-10,True,22328,AT,True
773,Margaret Jackson,johnsonrebekah@example.net,2022-02-28,F,2001-04-13,True,33483,DE,True
774,Brian Chapman Jr.,kennethburton@example.org,2024-06-26,D,1961-08-28,False,62946,DE,False
775,John Estrada,griffinnathaniel@example.net,2023-01-11,F,2005-07-25,True,67582,DE,False
776,David Williams,uhuffman@example.net,2022-11-18,M,1999-03-31,False,10063,AT,False
777,Ethan Schmidt,owenschristopher@example.com,2024-02-29,D,1996-01-11,True,56210,AT,False
778,Madeline Payne,robert07@example.net,2023-09-03,D,1991-04-22,False,48818,AT,False
779,Nancy Klein,jillwood@example.com,2023-01-23,M,1999-02-25,True,46626,AT,True
780,Karen Flowers,george18@example.org,2022-12-29,D,2001-04-19,True,50109,DE,False
781,Elizabeth Reyes,tgomez@example.org,2023-12-25,D,1989-08-28,False,55367,DE,True
782,Matthew Diaz,sperez@example.com,2023-05-23,F,1977-06-13,True,13502,CH,False
783,Susan Massey,carlos99@example.com,2023-12-09,D,2004-01-11,False,64205,AT,False
784,Marie Sanders,reedkaren@example.net,2023-04-26,D,2003-07-30,False,97191,DE,False
785,Cody Banks,johnsonricardo@example.net,2021-12-08,F,1975-11-06,False,94077,CH,False
786,Barbara Hall,bwilliams@example.net,2022-01-09,D,2001-12-29,False,04011,DE,False
787,Ronald Williams,ryan44@example.com,2022-07-11,F,1996-11-21,False,84227,CH,True
788,Jeffrey Vasquez,dmartin@example.org,2021-11-12,M,2001-06-25,False,67734,DE,False
789,Kenneth Gonzalez,lclark@example.net,2023-06-15,D,1971-03-09,True,69287,CH,True
790,Natalie Hernandez,brooksadrienne@example.net,2024-03-31,F,1997-10-13,False,79038,DE,False
791,Jordan Landry,evansanthony@example.org,2023-05-30,M,2000-12-11,False,59829,DE,False
792,Valerie Ellison,crystal56@example.org,2022-05-26,M,1983-02-28,False,46688,AT,False
793,Kyle Franco,sophiacastro@example.com,2022-05-15,F,1997-12-27,True,85756,AT,False
794,Elizabeth Ward,kelleyfrederick@example.net,2023-05-17,D,1999-11-25,False,59884,AT,True
795,Jamie Harris,amyyoung@example.net,2023-07-16,M,2004-02-07,True,22361,DE,True
796,Jennifer Santana,baxterkerri@example.org,2022-06-20,F,1994-02-14,True,83973,AT,True
797,Sergio Jennings,lori07@example.org,2021-12-22,F,1995-08-27,True,68578,DE,True
798,Miranda Wheeler,jennifer93@example.org,2023-12-25,M,2005-09-15,True,37813,AT,True
799,Kimberly Walker,dwashington@example.net,2022-06-20,F,1993-09-19,True,56324,DE,True
800,Rebecca Cruz,jonesjeffery@example.org,2021-09-14,M,2003-11-23,True,99321,DE,True
801,Gerald Davis,wmoses@example.com,2022-03-12,F,1975-02-24,True,52841,CH,False
802,Garrett Duke,hintonamanda@example.net,2021-12-08,D,2005-06-19,True,57055,CH,True
803,Christie Robinson,johnhodge@example.net,2022-05-09,M,2006-01-10,True,42193,CH,True
804,Dale Carpenter,voliver@example.org,2024-05-09,M,1998-05-21,False,87636,AT,True
805,Amanda Moore,amberthomas@example.net,2023-12-29,F,2002-02-05,True,08075,DE,False
806,Diane Jackson,masoncody@example.com,2023-05-18,F,2005-03-10,True,11750,DE,False
807,Pamela Ryan,jon31@example.org,2022-01-14,F,1991-09-14,True,34680,CH,False
808,Hunter Munoz,oyoung@example.com,2023-07-05,D,1995-12-17,False,77067,AT,False
809,Maria Johnson,gonzalezrussell@example.com,2022-01-11,M,1978-08-19,True,77227,CH,False
810,Gary Gomez,vmoore@example.com,2023-11-25,M,1964-07-09,False,42770,DE,True
811,Donna Harrison,dawnallen@example.com,2023-08-29,M,2005-10-10,True,71826,DE,False
812,Charles Simmons,williamsondillon@example.com,2023-12-31,D,1999-01-22,False,39944,CH,False
813,Lisa Higgins,orozcoanthony@example.org,2022-01-27,D,2005-12-30,False,34398,DE,False
814,David Taylor,halltaylor@example.org,2023-06-06,D,1985-09-18,False,71089,AT,False
815,Carol Lewis,rodriguezmichael@example.net,2021-12-08,M,2006-02-23,True,35398,DE,True
816,Matthew Nelson MD,john73@example.net,2023-01-13,M,1980-09-02,False,63782,AT,True
817,Janice Smith,lisaross@example.net,2023-02-08,F,1982-09-11,True,63377,DE,True
818,Cindy Hamilton,mccoyjoseph@example.org,2022-01-20,F,1993-04-30,False,43673,CH,False
819,Stephanie Sanders,roy09@example.org,2022-02-01,D,2005-08-13,True,13755,CH,True
820,Kenneth Scott,brianna01@example.org,2021-08-22,F,1990-02-15,True,40508,AT,True
821,Brian Spence,william99@example.org,2022-02-22,M,2001-08-09,False,84372,DE,False
822,Anne Smith,ajones@example.net,2022-09-03,F,1990-02-25,True,05587,DE,True
823,Brooke Jones,erik96@example.com,2022-06-25,M,1969-09-06,False,89119,AT,True
824,Dana Patterson,tracey91@example.com,2022-10-22,D,1945-02-01,True,53034,CH,True
825,Mary Ortega,tatetracy@example.org,2023-11-07,D,1994-12-10,True,78134,CH,False
826,Karen Henry,alisha66@example.com,2023-08-07,M,1996-07-30,True,43295,AT,True
827,Nicole Sawyer,jack88@example.com,2022-06-23,M,1990-11-03,True,84241,DE,False
828,Melinda Michael,sshields@example.net,2022-11-25,M,1978-04-10,False,40892,CH,False
829,Jennifer Garrett,hortonmichael@example.net,2023-05-31,F,1998-03-21,False,11431,CH,False
830,Jessica Glass,ishields@example.org,2023-04-26,F,2002-04-24,True,35515,CH,False
831,Kimberly Stephens,leedebra@example.org,2024-04-18,M,2001-11-29,True,38243,AT,True
832,Ryan Montgomery,aroth@example.org,2023-04-05,M,1974-08-10,True,85220,DE,False
833,Charles Nelson,vwaller@example.net,2022-08-06,D,2005-08-24,True,84993,AT,False
834,Damon Owens,dmoreno@example.org,2023-06-18,M,1988-10-17,False,08985,DE,False
835,Joshua Rodriguez,laura25@example.org,2023-08-29,M,1998-09-08,False,37928,DE,False
836,Leonard Reyes,megancalderon@example.net,2021-08-07,F,1960-02-28,False,40157,AT,False
837,Mark Smith,mcculloughkevin@example.net,2021-09-30,M,2001-02-09,True,50733,AT,True
838,Jason Briggs,pmora@example.com,2022-11-24,D,1987-01-13,False,77309,AT,False
839,Summer Sanders,sextonsusan@example.net,2021-08-24,F,2003-09-18,True,78314,AT,True
840,Lisa Reed,chelseaguerrero@example.com,2022-01-08,D,1977-11-08,True,89859,CH,True
841,Roger Allen,johnsonhannah@example.com,2024-03-28,M,2006-06-16,True,27512,DE,False
842,Anita Thomas,thull@example.org,2022-05-13,D,1992-12-30,False,82434,AT,True
843,Alexander Mason,balexander@example.org,2022-06-14,F,1974-05-13,False,57864,CH,False
844,John Johnson,deniselarson@example.org,2022-09-08,D,1973-03-16,False,63498,CH,False
845,Joshua Gates,shanson@example.com,2023-11-02,M,1998-09-21,True,45148,DE,False
846,Alyssa Stafford,austincampbell@example.org,2022-03-27,D,1988-05-04,True,22407,DE,False
847,Shane Davis,eric90@example.com,2023-06-29,D,1963-03-17,True,31488,AT,False
848,Karen Ballard,ebailey@example.com,2022-11-27,D,1988-03-25,True,57520,DE,False
849,Ronald Haas,fmalone@example.com,2023-04-23,D,1973-09-22,True,72472,AT,True
850,Rebecca Hicks,rmorrison@example.net,2024-03-07,M,2004-08-31,True,00774,CH,False
851,Michelle Burns,lwilliams@example.com,2023-11-26,D,1983-06-03,True,11460,AT,False
852,Julie Arroyo,michael55@example.net,2023-01-03,D,1976-01-28,True,40792,DE,True
853,John Cox,erin00@example.org,2022-04-10,M,2005-07-30,False,61550,AT,False
854,John Hinton,melissavasquez@example.net,2022-12-22,F,1991-03-26,True,08195,AT,True
855,Glenn Scott,tmurphy@example.org,2023-03-23,M,2000-01-06,True,77640,AT,True
856,Cynthia Carpenter,pwelch@example.org,2022-12-07,F,1978-05-01,True,75417,CH,True
857,Robin Clark,iowen@example.org,2023-04-26,D,1995-07-28,True,08436,CH,False
858,Carlos Hall,vhughes@example.com,2023-06-20,F,2006-03-31,True,98548,CH,False
859,Amber Cantrell,browndawn@example.net,2022-11-28,F,1995-09-01,True,80605,DE,True
860,Stephanie Pierce,hullmargaret@example.com,2023-11-19,M,1999-08-24,False,75259,CH,True
861,Jennifer Dawson,alvaradorandall@example.org,2021-07-31,F,2004-04-23,True,91311,CH,True
862,Jonathan Long,angelaowens@example.com,2023-01-14,M,1996-05-23,True,08416,CH,True
863,Aaron Ward,marcus28@example.com,2023-11-01,F,1979-07-19,True,34723,CH,True
864,Joseph Smith,karinadickerson@example.org,2023-06-28,F,2005-01-21,False,93572,AT,True
865,Richard Neal,joseph27@example.net,2022-08-31,F,1992-06-22,True,50392,DE,True
866,Michelle Wright,carrollhenry@example.net,2023-01-28,M,1999-07-11,False,98485,AT,True
867,Edward Watson,kevinlee@example.org,2021-07-29,D,1995-10-17,True,11910,CH,True
868,Kelly Brown,marilyn12@example.net,2023-11-23,M,1995-12-01,True,40887,AT,True
869,Aaron Daniel,henrybernard@example.com,2023-04-12,M,1968-12-07,False,47652,AT,True
870,Heather Morris,michelle69@example.org,2022-08-17,M,2000-05-30,True,67745,AT,False
871,Joshua Hines,lperez@example.org,2022-03-11,F,1963-08-31,True,21730,CH,False
872,Kenneth Kaiser,brooksmichelle@example.org,2022-04-08,F,2004-04-14,True,94210,AT,True
873,Jeffrey Hodges,bfletcher@example.net,2024-01-11,M,2005-11-26,True,48615,AT,True
874,Justin Mason,slawrence@example.net,2023-01-20,F,1992-03-18,False,62473,AT,False
875,Amanda Brown,rogerscharles@example.org,2023-01-12,M,1991-11-14,False,65778,DE,True
876,Cameron Lopez,roberto26@example.com,2022-07-12,M,2003-07-13,False,77087,CH,True
877,James Hanson,hardingmark@example.org,2022-05-13,D,2003-05-07,False,33615,CH,True
878,Ms. Christina Brown,cabreramartha@example.org,2022-06-23,M,1965-05-08,True,13772,CH,True
879,Nicholas Jensen,paulbrock@example.org,2021-09-26,F,1961-06-25,False,64006,AT,True
880,Tina Harrison,kgomez@example.com,2023-10-11,F,1949-11-20,False,96700,AT,True
881,Crystal Anderson,timothyrodriguez@example.org,2022-11-02,D,1976-01-24,False,49614,AT,True
882,Michael Crawford,brycemartinez@example.net,2022-09-24,D,2003-06-14,False,88525,DE,True
883,Juan Barry,mejiaian@example.net,2021-12-20,D,1981-02-08,False,91337,AT,False
884,Damon Lee,montgomeryfrank@example.net,2021-09-17,M,1996-01-02,True,92250,AT,False
885,William Lopez,phelpsmegan@example.com,2024-07-06,D,1992-02-27,False,47649,AT,False
886,William Russell,julie84@example.net,2023-04-02,F,1979-07-31,True,17523,CH,True
887,Chad Miller,udixon@example.com,2021-09-06,M,1987-04-22,False,94666,CH,False
888,Brooke Wright,dennis52@example.net,2023-06-28,D,1973-01-25,True,87034,AT,False
889,Jared Bryant,brianjimenez@example.net,2023-07-21,F,1997-06-17,False,04314,DE,False
890,Laura Wright,kbrown@example.net,2022-08-12,F,1991-06-06,True,63488,CH,True
891,Jeffrey Garcia,tuckerkatherine@example.com,2024-01-09,M,1996-07-12,False,32821,DE,False
892,John Smith,baileyamanda@example.net,2023-06-17,M,1994-09-24,True,58994,DE,True
893,Nicole Smith,rachel38@example.com,2022-05-08,M,2004-12-31,False,16695,CH,False
894,Nathan Burton,stewartdavid@example.com,2022-06-25,D,1990-05-24,False,93365,DE,False
895,Brenda Dodson,russelladam@example.com,2022-06-06,D,2002-06-14,False,11367,AT,True
896,Donald Robertson,andrewortiz@example.com,2022-02-17,F,2005-05-27,True,04994,DE,True
897,James Vega,vcruz@example.net,2022-02-03,F,2004-04-10,False,49451,CH,False
898,Laura Kirby,knappsierra@example.com,2021-11-07,D,1980-09-06,False,85939,AT,False
899,Andrea Mathews,qlewis@example.org,2022-09-05,M,2003-03-01,True,27329,CH,True
900,Teresa Howard,mclaughlinjesus@example.com,2024-02-19,F,1988-08-04,False,00502,AT,True
901,Robert Chaney,jeffrey08@example.net,2024-01-15,F,1995-11-14,True,76348,AT,False
902,Barbara Carr,waltonrenee@example.net,2024-05-04,F,2001-02-02,False,87718,DE,False
903,Doris Jimenez,carol81@example.net,2022-07-31,M,2001-12-15,False,38799,CH,False
904,Pamela Clark,padillacaitlin@example.com,2021-10-10,M,2004-11-22,True,57532,CH,True
905,Sandra Brown,brettwilson@example.org,2023-05-05,D,2001-11-15,False,07427,CH,True
906,Mario Cole,debbie74@example.net,2023-08-31,D,1999-01-23,True,90649,AT,False
907,Christopher Huang,mccarthydavid@example.com,2023-09-23,D,1997-11-03,False,68066,DE,False
908,Leonard Smith,contrerasrobert@example.org,2024-06-04,D,2006-06-05,True,93887,AT,False
909,Sara Moore,kathryn68@example.net,2023-06-17,F,2001-06-20,True,57501,DE,False
910,Melissa Williams,matthew41@example.com,2022-01-21,D,1993-06-07,True,69946,CH,True
911,Crystal Vance,reginald24@example.net,2022-10-07,F,1995-09-20,True,29480,DE,True
912,Kevin Turner,ronald80@example.net,2022-12-21,D,1986-08-24,True,47092,CH,False
913,Ronnie Walker,ryoung@example.com,2023-08-15,F,1997-08-04,True,41362,AT,True
914,Pamela Luna,obrewer@example.org,2023-05-10,M,2003-04-01,True,99247,CH,True
915,Darrell Benton,scastro@example.net,2023-11-15,D,1996-09-02,True,45212,AT,False
916,Crystal Brooks,tvalenzuela@example.org,2023-10-02,M,1993-05-16,False,67659,AT,True
917,William Cox,dominguezamanda@example.net,2023-12-20,F,1960-12-19,False,83269,DE,True
918,Justin Garcia,jonathanbarron@example.org,2024-02-11,M,2002-10-13,True,61280,CH,True
919,Lisa Molina,igarcia@example.org,2022-10-31,D,1997-07-04,True,99464,CH,True
920,Tonya Wood,llucero@example.org,2023-11-05,M,1947-01-10,False,63618,CH,True
921,Jennifer Blankenship,frank37@example.net,2023-03-02,D,1982-01-25,True,68585,CH,True
922,Troy Allen,amanda13@example.org,2023-07-22,D,1987-10-14,True,53482,AT,False
923,Peter Reese,medinanicholas@example.net,2024-07-06,D,1989-06-10,True,75156,AT,False
924,Anna Wood,sandradavis@example.com,2024-02-20,D,1999-05-24,True,53176,AT,True
925,Daniel Crawford,kimberly59@example.net,2023-10-14,D,1971-10-11,False,79342,DE,True
926,Tony Hahn,jonathan71@example.com,2024-03-07,D,1992-04-20,True,37729,AT,False
927,Taylor Ward,cartervirginia@example.org,2023-07-22,F,2001-06-06,False,91121,AT,True
928,Shane Robbins,browncheryl@example.net,2022-09-11,M,1955-03-25,True,31057,CH,False
929,Brent Garcia,vgutierrez@example.org,2024-03-20,F,1976-10-06,True,44630,CH,True
930,Jennifer Smith,msoto@example.net,2021-07-30,M,1984-04-03,False,75472,DE,False
931,Erin Dixon,juan23@example.com,2022-12-21,F,2004-02-19,False,88965,AT,True
932,Laura Gomez,torresrandy@example.com,2022-12-10,M,2002-09-04,False,15179,CH,True
933,Daniel Villa,sandra71@example.org,2023-06-18,D,1998-12-13,False,39491,AT,True
934,Anthony Cole,susan41@example.org,2023-08-09,F,1969-04-24,True,48619,DE,False
935,Joshua Murray,zwilkins@example.org,2022-07-25,D,2000-02-10,False,43747,AT,False
936,Claudia Powers,dwiggins@example.net,2021-09-19,F,2000-10-21,True,89376,DE,False
937,Mark Martin,valerie14@example.net,2023-11-06,M,1975-01-12,True,58413,CH,True
938,Grant Gray,marciabauer@example.com,2022-06-02,M,2000-05-16,False,39360,AT,True
939,Debra Lopez,kendra20@example.org,2024-04-03,D,1979-09-18,False,34836,DE,False
940,Veronica Adams,ulowery@example.com,2023-04-15,M,2006-01-05,False,70258,AT,True
941,Taylor Lopez,floresjason@example.com,2022-02-28,F,1960-08-04,True,77632,CH,True
942,Michelle Smith,vmendoza@example.com,2024-06-29,D,1972-04-23,True,84913,AT,False
943,Victoria Hunt,rwalker@example.net,2024-05-26,D,1971-10-24,False,90867,CH,False
944,Chad Valdez,carlvega@example.org,2024-02-13,M,2004-04-02,False,33867,CH,True
945,Mike Warren,jillianrobinson@example.net,2022-10-04,M,2005-03-18,True,34825,AT,True
946,Aaron Thompson,glopez@example.com,2022-08-28,D,1990-09-06,False,75199,AT,True
947,Charles Moody,gwendolynroberts@example.com,2022-04-19,D,1973-09-21,True,61661,CH,True
948,Stacey Adams,mcurtis@example.org,2024-02-22,M,1998-05-09,True,47038,DE,True
949,Glenn Rivera,normanrita@example.com,2023-01-13,D,2005-01-08,True,24466,DE,True
950,Brian Mcintyre,robert23@example.com,2022-12-11,M,2004-12-15,True,97975,DE,True
951,Lisa Miller,johnsontimothy@example.com,2024-05-29,D,2001-08-29,False,16278,CH,False
952,Derrick Leon,jamesjason@example.net,2024-04-07,F,1998-11-10,False,18412,CH,False
953,Andrew Doyle,dennisgreen@example.org,2024-05-03,F,1997-09-06,True,04112,CH,True
954,Emily Green,teresashea@example.net,2023-12-07,M,1978-06-19,True,12047,AT,False
955,Stacy Jimenez,tannerevans@example.net,2021-12-04,M,1959-11-07,False,21896,AT,False
956,Jerry Fowler,ncain@example.net,2021-10-25,D,1994-11-22,False,20173,CH,False
957,Jeffery Peterson,harold03@example.com,2022-10-20,D,1997-07-06,True,73591,DE,False
958,Laura Willis,nolanscott@example.net,2024-06-18,F,2000-11-23,False,33412,CH,False
959,Daniel Thomas,kcummings@example.net,2022-02-03,M,1992-03-15,False,33200,CH,False
960,Natalie Mcdowell,munozwendy@example.org,2022-05-28,M,2001-10-03,True,21254,AT,False
961,Jason Wilson,trantanner@example.net,2022-02-07,D,2002-08-04,True,18969,DE,False
962,Christina Edwards,kgarcia@example.org,2021-12-13,D,2001-01-09,True,85318,CH,False
963,Samuel Hill,kshah@example.net,2023-03-31,D,2003-12-10,True,87362,CH,False
964,David Morris,matthewsrobert@example.com,2022-08-17,D,1973-09-22,True,62731,CH,True
965,Stephen Peters,hortiz@example.com,2023-06-05,F,2001-01-01,False,21015,CH,False
966,Jasmine Walters,virginia38@example.com,2022-05-10,F,1990-10-30,True,80052,CH,False
967,Christopher Reynolds,mmendoza@example.net,2022-09-14,F,2003-11-12,True,65553,AT,True
968,Tyler Smith,josepholiver@example.org,2023-11-25,M,2006-03-24,False,72914,AT,True
969,Joel Marshall,jeffreylee@example.net,2021-09-12,F,2001-09-09,False,24812,AT,True
970,Matthew Rodriguez,tyler05@example.org,2024-02-18,D,2000-03-17,True,16551,CH,False
971,Christopher Santiago,bmendez@example.org,2022-06-07,M,1989-10-01,False,26135,AT,True
972,Matthew Johnson,valentinematthew@example.org,2023-03-08,M,1983-02-10,False,06552,DE,False
973,Ashley English,ywebb@example.net,2022-07-25,D,1987-08-05,False,85531,AT,True
974,Robert Avery,jacksonwilliam@example.net,2023-06-12,D,1989-11-27,True,37367,DE,False
975,Miranda Francis,michael12@example.com,2024-02-08,M,2004-07-28,False,76081,AT,True
976,Jennifer Walker,davispamela@example.org,2022-05-20,M,1973-10-07,False,92331,AT,False
977,Bryan Macdonald,priceronald@example.net,2021-07-29,F,1991-03-08,True,20391,DE,False
978,Margaret Conner,alanrosales@example.com,2022-01-29,M,2001-02-05,False,71915,DE,False
979,Logan Nelson,joselowery@example.com,2021-09-09,M,1975-03-15,False,05050,CH,True
980,Angel Wheeler,johnathanmitchell@example.com,2023-10-12,D,1992-05-31,False,26116,CH,False
981,Katherine Leblanc,lauraanderson@example.org,2022-07-23,D,1976-04-03,True,21029,DE,False
982,Jessica Hull,uhartman@example.com,2022-04-04,F,1993-12-31,False,37029,AT,True
983,Justin Byrd,hcraig@example.org,2023-04-23,M,2002-03-03,False,23394,AT,True
984,Nicholas Torres,molly88@example.net,2023-02-14,F,1962-03-14,True,92937,DE,False
985,Patrick Donaldson,thomasemily@example.com,2022-03-20,M,2005-11-17,True,88593,DE,False
986,Kimberly Keller,imason@example.com,2024-05-30,F,1970-01-27,False,26086,DE,False
987,Benjamin Fox,davislauren@example.com,2024-05-06,F,2001-07-17,False,73053,CH,False
988,Jennifer Noble,david86@example.net,2022-12-05,D,1989-04-07,True,29256,CH,False
989,Jennifer Patel,dianadavis@example.com,2022-05-03,D,1993-05-12,True,01709,AT,False
990,Elizabeth Kelley,moodylaura@example.com,2022-06-21,F,1981-05-30,False,03816,DE,True
991,Juan Davenport,sharondaniel@example.org,2023-09-08,M,1966-06-29,True,69744,DE,False
992,John Houston,hillchristopher@example.org,2022-05-05,D,1994-05-28,False,37134,DE,False
993,Jacob Smith,jerrycarter@example.org,2023-10-12,D,1957-02-07,False,31019,AT,False
994,Sue Harmon,jmartinez@example.com,2022-01-25,F,1982-12-20,False,76716,AT,True
995,Katherine Lang,jason83@example.org,2022-07-06,F,2004-11-21,False,74918,AT,True
996,Connie Wheeler,romantyler@example.net,2024-04-22,F,2005-02-20,False,29006,AT,True
997,Dustin Allen,qvillarreal@example.org,2023-07-06,F,1999-01-21,True,98203,CH,False
998,Mr. Martin Bennett PhD,bradypaula@example.com,2024-02-14,M,1994-06-13,False,42018,CH,False
999,Todd Mcdonald,perkinsrobin@example.net,2023-04-14,F,1996-10-22,True,50609,CH,True
1000,Elizabeth White,isaac39@example.net,2024-01-02,F,1996-07-03,True,98589,CH,False
